"datetime";"preciomd_eurMw"
2016-09-01 00:00:00;37.76
2016-09-01 01:00:00;36
2016-09-01 02:00:00;35.26
2016-09-01 03:00:00;35.26
2016-09-01 04:00:00;35.26
2016-09-01 05:00:00;35.47
2016-09-01 06:00:00;39.6
2016-09-01 07:00:00;44.4
2016-09-01 08:00:00;45
2016-09-01 09:00:00;46.7
2016-09-01 10:00:00;46.7
2016-09-01 11:00:00;45.69
2016-09-01 12:00:00;45.15
2016-09-01 13:00:00;45.68
2016-09-01 14:00:00;44.78
2016-09-01 15:00:00;43.6
2016-09-01 16:00:00;44.35
2016-09-01 17:00:00;45.22
2016-09-01 18:00:00;45.69
2016-09-01 19:00:00;45.76
2016-09-01 20:00:00;46.74
2016-09-01 21:00:00;47.19
2016-09-01 22:00:00;44.4
2016-09-01 23:00:00;41.24
2016-09-02 00:00:00;45.02
2016-09-02 01:00:00;44
2016-09-02 02:00:00;43.35
2016-09-02 03:00:00;42.8
2016-09-02 04:00:00;42.65
2016-09-02 05:00:00;43.6
2016-09-02 06:00:00;46
2016-09-02 07:00:00;46.69
2016-09-02 08:00:00;47
2016-09-02 09:00:00;47.5
2016-09-02 10:00:00;47.19
2016-09-02 11:00:00;46.89
2016-09-02 12:00:00;47.19
2016-09-02 13:00:00;47.19
2016-09-02 14:00:00;46.2
2016-09-02 15:00:00;45.76
2016-09-02 16:00:00;45.69
2016-09-02 17:00:00;45.68
2016-09-02 18:00:00;45.5
2016-09-02 19:00:00;45.51
2016-09-02 20:00:00;46.69
2016-09-02 21:00:00;47.19
2016-09-02 22:00:00;45.59
2016-09-02 23:00:00;43.1
2016-09-03 00:00:00;44.69
2016-09-03 01:00:00;43.6
2016-09-03 02:00:00;43.49
2016-09-03 03:00:00;43.27
2016-09-03 04:00:00;43.35
2016-09-03 05:00:00;43.35
2016-09-03 06:00:00;43.53
2016-09-03 07:00:00;43.1
2016-09-03 08:00:00;41.5
2016-09-03 09:00:00;43.82
2016-09-03 10:00:00;43.35
2016-09-03 11:00:00;42.74
2016-09-03 12:00:00;42.21
2016-09-03 13:00:00;42
2016-09-03 14:00:00;41.5
2016-09-03 15:00:00;40
2016-09-03 16:00:00;38.66
2016-09-03 17:00:00;38.74
2016-09-03 18:00:00;40.45
2016-09-03 19:00:00;43
2016-09-03 20:00:00;45.44
2016-09-03 21:00:00;46.69
2016-09-03 22:00:00;44.69
2016-09-03 23:00:00;43.35
2016-09-04 00:00:00;43.35
2016-09-04 01:00:00;43.35
2016-09-04 02:00:00;43.35
2016-09-04 03:00:00;41.95
2016-09-04 04:00:00;40.92
2016-09-04 05:00:00;40.5
2016-09-04 06:00:00;40.65
2016-09-04 07:00:00;40.45
2016-09-04 08:00:00;39
2016-09-04 09:00:00;43
2016-09-04 10:00:00;42
2016-09-04 11:00:00;41.4
2016-09-04 12:00:00;41.37
2016-09-04 13:00:00;41.9
2016-09-04 14:00:00;40.96
2016-09-04 15:00:00;37.95
2016-09-04 16:00:00;36.96
2016-09-04 17:00:00;36.96
2016-09-04 18:00:00;36.85
2016-09-04 19:00:00;39.53
2016-09-04 20:00:00;45.11
2016-09-04 21:00:00;48
2016-09-04 22:00:00;46.89
2016-09-04 23:00:00;45.51
2016-09-05 00:00:00;45.37
2016-09-05 01:00:00;44
2016-09-05 02:00:00;43.02
2016-09-05 03:00:00;42.26
2016-09-05 04:00:00;41.95
2016-09-05 05:00:00;43.49
2016-09-05 06:00:00;45.69
2016-09-05 07:00:00;47.19
2016-09-05 08:00:00;47.98
2016-09-05 09:00:00;51.03
2016-09-05 10:00:00;50.86
2016-09-05 11:00:00;50.33
2016-09-05 12:00:00;49.14
2016-09-05 13:00:00;48.81
2016-09-05 14:00:00;47.83
2016-09-05 15:00:00;47.25
2016-09-05 16:00:00;47.25
2016-09-05 17:00:00;47.75
2016-09-05 18:00:00;47.87
2016-09-05 19:00:00;48.02
2016-09-05 20:00:00;51.01
2016-09-05 21:00:00;50.6
2016-09-05 22:00:00;46.89
2016-09-05 23:00:00;45.35
2016-09-06 00:00:00;47.38
2016-09-06 01:00:00;47.25
2016-09-06 02:00:00;46.01
2016-09-06 03:00:00;45.6
2016-09-06 04:00:00;45.35
2016-09-06 05:00:00;45.37
2016-09-06 06:00:00;47.38
2016-09-06 07:00:00;47.87
2016-09-06 08:00:00;48.48
2016-09-06 09:00:00;49.89
2016-09-06 10:00:00;49.36
2016-09-06 11:00:00;49.21
2016-09-06 12:00:00;49.21
2016-09-06 13:00:00;49.4
2016-09-06 14:00:00;48.48
2016-09-06 15:00:00;47.87
2016-09-06 16:00:00;47.69
2016-09-06 17:00:00;47.8
2016-09-06 18:00:00;49.21
2016-09-06 19:00:00;50.69
2016-09-06 20:00:00;52
2016-09-06 21:00:00;51.19
2016-09-06 22:00:00;47.6
2016-09-06 23:00:00;45.69
2016-09-07 00:00:00;49
2016-09-07 01:00:00;48.69
2016-09-07 02:00:00;48
2016-09-07 03:00:00;47.8
2016-09-07 04:00:00;47.38
2016-09-07 05:00:00;47.87
2016-09-07 06:00:00;49
2016-09-07 07:00:00;50.19
2016-09-07 08:00:00;50.65
2016-09-07 09:00:00;51.56
2016-09-07 10:00:00;51
2016-09-07 11:00:00;50.69
2016-09-07 12:00:00;51
2016-09-07 13:00:00;50.69
2016-09-07 14:00:00;48.69
2016-09-07 15:00:00;47.87
2016-09-07 16:00:00;47
2016-09-07 17:00:00;46.43
2016-09-07 18:00:00;47.25
2016-09-07 19:00:00;47.87
2016-09-07 20:00:00;50.5
2016-09-07 21:00:00;51.05
2016-09-07 22:00:00;45.72
2016-09-07 23:00:00;44
2016-09-08 00:00:00;42.86
2016-09-08 01:00:00;40.41
2016-09-08 02:00:00;38.12
2016-09-08 03:00:00;37.69
2016-09-08 04:00:00;38.12
2016-09-08 05:00:00;39
2016-09-08 06:00:00;44.34
2016-09-08 07:00:00;45.35
2016-09-08 08:00:00;46.29
2016-09-08 09:00:00;47.78
2016-09-08 10:00:00;47.69
2016-09-08 11:00:00;47.39
2016-09-08 12:00:00;47.87
2016-09-08 13:00:00;47.89
2016-09-08 14:00:00;47.04
2016-09-08 15:00:00;46.29
2016-09-08 16:00:00;45.72
2016-09-08 17:00:00;45.43
2016-09-08 18:00:00;44.59
2016-09-08 19:00:00;45.35
2016-09-08 20:00:00;47.01
2016-09-08 21:00:00;47.89
2016-09-08 22:00:00;45.35
2016-09-08 23:00:00;42.21
2016-09-09 00:00:00;42.2
2016-09-09 01:00:00;41.52
2016-09-09 02:00:00;40
2016-09-09 03:00:00;40
2016-09-09 04:00:00;40.53
2016-09-09 05:00:00;41.91
2016-09-09 06:00:00;46.29
2016-09-09 07:00:00;47.25
2016-09-09 08:00:00;48.39
2016-09-09 09:00:00;50.19
2016-09-09 10:00:00;49.86
2016-09-09 11:00:00;49.62
2016-09-09 12:00:00;49.71
2016-09-09 13:00:00;49.74
2016-09-09 14:00:00;48.48
2016-09-09 15:00:00;47.8
2016-09-09 16:00:00;47.25
2016-09-09 17:00:00;47.22
2016-09-09 18:00:00;46.89
2016-09-09 19:00:00;46.89
2016-09-09 20:00:00;48.1
2016-09-09 21:00:00;49.69
2016-09-09 22:00:00;46.69
2016-09-09 23:00:00;43.1
2016-09-10 00:00:00;43.1
2016-09-10 01:00:00;42.76
2016-09-10 02:00:00;40.75
2016-09-10 03:00:00;39.74
2016-09-10 04:00:00;39
2016-09-10 05:00:00;38.74
2016-09-10 06:00:00;39.5
2016-09-10 07:00:00;40.67
2016-09-10 08:00:00;42.76
2016-09-10 09:00:00;45.37
2016-09-10 10:00:00;45.35
2016-09-10 11:00:00;44.08
2016-09-10 12:00:00;44.3
2016-09-10 13:00:00;45.35
2016-09-10 14:00:00;44.86
2016-09-10 15:00:00;43.1
2016-09-10 16:00:00;42.76
2016-09-10 17:00:00;41.43
2016-09-10 18:00:00;42
2016-09-10 19:00:00;44
2016-09-10 20:00:00;46.29
2016-09-10 21:00:00;47.7
2016-09-10 22:00:00;45
2016-09-10 23:00:00;40.35
2016-09-11 00:00:00;37.36
2016-09-11 01:00:00;37.69
2016-09-11 02:00:00;37.48
2016-09-11 03:00:00;37.69
2016-09-11 04:00:00;37.48
2016-09-11 05:00:00;37.48
2016-09-11 06:00:00;38.12
2016-09-11 07:00:00;38.2
2016-09-11 08:00:00;38.12
2016-09-11 09:00:00;43
2016-09-11 10:00:00;43.1
2016-09-11 11:00:00;43.07
2016-09-11 12:00:00;41.43
2016-09-11 13:00:00;43
2016-09-11 14:00:00;41.43
2016-09-11 15:00:00;38
2016-09-11 16:00:00;37.36
2016-09-11 17:00:00;37
2016-09-11 18:00:00;37.4
2016-09-11 19:00:00;40
2016-09-11 20:00:00;46.69
2016-09-11 21:00:00;49.32
2016-09-11 22:00:00;47.87
2016-09-11 23:00:00;45.6
2016-09-12 00:00:00;40.58
2016-09-12 01:00:00;38.12
2016-09-12 02:00:00;36.8
2016-09-12 03:00:00;36
2016-09-12 04:00:00;35.7
2016-09-12 05:00:00;36.1
2016-09-12 06:00:00;38.12
2016-09-12 07:00:00;45.1
2016-09-12 08:00:00;47.65
2016-09-12 09:00:00;48.48
2016-09-12 10:00:00;48.16
2016-09-12 11:00:00;47.87
2016-09-12 12:00:00;46
2016-09-12 13:00:00;45.4
2016-09-12 14:00:00;44
2016-09-12 15:00:00;43.74
2016-09-12 16:00:00;45.6
2016-09-12 17:00:00;46.96
2016-09-12 18:00:00;47.87
2016-09-12 19:00:00;48.06
2016-09-12 20:00:00;50.65
2016-09-12 21:00:00;50.09
2016-09-12 22:00:00;45.35
2016-09-12 23:00:00;39.3
2016-09-13 00:00:00;38.12
2016-09-13 01:00:00;36.82
2016-09-13 02:00:00;36.1
2016-09-13 03:00:00;35.7
2016-09-13 04:00:00;35.44
2016-09-13 05:00:00;35.9
2016-09-13 06:00:00;37.48
2016-09-13 07:00:00;44.44
2016-09-13 08:00:00;47.87
2016-09-13 09:00:00;49.65
2016-09-13 10:00:00;48.06
2016-09-13 11:00:00;48.19
2016-09-13 12:00:00;46.29
2016-09-13 13:00:00;45.04
2016-09-13 14:00:00;42.37
2016-09-13 15:00:00;44.34
2016-09-13 16:00:00;44.08
2016-09-13 17:00:00;46.48
2016-09-13 18:00:00;46.63
2016-09-13 19:00:00;46.69
2016-09-13 20:00:00;47.33
2016-09-13 21:00:00;47.87
2016-09-13 22:00:00;43.6
2016-09-13 23:00:00;36.96
2016-09-14 00:00:00;36.8
2016-09-14 01:00:00;35.7
2016-09-14 02:00:00;35.19
2016-09-14 03:00:00;35.04
2016-09-14 04:00:00;35.02
2016-09-14 05:00:00;35.34
2016-09-14 06:00:00;36.1
2016-09-14 07:00:00;44.51
2016-09-14 08:00:00;48.48
2016-09-14 09:00:00;49
2016-09-14 10:00:00;47.31
2016-09-14 11:00:00;47
2016-09-14 12:00:00;45.24
2016-09-14 13:00:00;44.69
2016-09-14 14:00:00;44.79
2016-09-14 15:00:00;43
2016-09-14 16:00:00;41
2016-09-14 17:00:00;43.08
2016-09-14 18:00:00;44.79
2016-09-14 19:00:00;46.69
2016-09-14 20:00:00;48.77
2016-09-14 21:00:00;48.05
2016-09-14 22:00:00;44.19
2016-09-14 23:00:00;38.02
2016-09-15 00:00:00;39.8
2016-09-15 01:00:00;37
2016-09-15 02:00:00;36.12
2016-09-15 03:00:00;35.34
2016-09-15 04:00:00;35.34
2016-09-15 05:00:00;35.44
2016-09-15 06:00:00;37.3
2016-09-15 07:00:00;45.68
2016-09-15 08:00:00;49.32
2016-09-15 09:00:00;49.69
2016-09-15 10:00:00;48.38
2016-09-15 11:00:00;47.87
2016-09-15 12:00:00;46.69
2016-09-15 13:00:00;45.68
2016-09-15 14:00:00;46.69
2016-09-15 15:00:00;45.6
2016-09-15 16:00:00;44.87
2016-09-15 17:00:00;45.15
2016-09-15 18:00:00;45.8
2016-09-15 19:00:00;47.45
2016-09-15 20:00:00;48.42
2016-09-15 21:00:00;49.32
2016-09-15 22:00:00;46
2016-09-15 23:00:00;39
2016-09-16 00:00:00;37.48
2016-09-16 01:00:00;35.06
2016-09-16 02:00:00;33.6
2016-09-16 03:00:00;32.59
2016-09-16 04:00:00;31.92
2016-09-16 05:00:00;33.35
2016-09-16 06:00:00;35.5
2016-09-16 07:00:00;43.75
2016-09-16 08:00:00;46.26
2016-09-16 09:00:00;47.38
2016-09-16 10:00:00;45.56
2016-09-16 11:00:00;45.47
2016-09-16 12:00:00;44.7
2016-09-16 13:00:00;44.49
2016-09-16 14:00:00;43.69
2016-09-16 15:00:00;40.84
2016-09-16 16:00:00;41.48
2016-09-16 17:00:00;42.5
2016-09-16 18:00:00;43.25
2016-09-16 19:00:00;45.19
2016-09-16 20:00:00;47.38
2016-09-16 21:00:00;48.07
2016-09-16 22:00:00;44.7
2016-09-16 23:00:00;36.96
2016-09-17 00:00:00;45.56
2016-09-17 01:00:00;43.34
2016-09-17 02:00:00;40.04
2016-09-17 03:00:00;37.78
2016-09-17 04:00:00;36.48
2016-09-17 05:00:00;36.01
2016-09-17 06:00:00;36.83
2016-09-17 07:00:00;38.02
2016-09-17 08:00:00;40.38
2016-09-17 09:00:00;43
2016-09-17 10:00:00;41
2016-09-17 11:00:00;37.55
2016-09-17 12:00:00;38.02
2016-09-17 13:00:00;39.3
2016-09-17 14:00:00;37.77
2016-09-17 15:00:00;36.5
2016-09-17 16:00:00;32.75
2016-09-17 17:00:00;32.85
2016-09-17 18:00:00;36.88
2016-09-17 19:00:00;41.19
2016-09-17 20:00:00;46.19
2016-09-17 21:00:00;48
2016-09-17 22:00:00;45.68
2016-09-17 23:00:00;44.69
2016-09-18 00:00:00;40
2016-09-18 01:00:00;39.62
2016-09-18 02:00:00;36.7
2016-09-18 03:00:00;34
2016-09-18 04:00:00;33.5
2016-09-18 05:00:00;32.6
2016-09-18 06:00:00;32.75
2016-09-18 07:00:00;32.85
2016-09-18 08:00:00;32.7
2016-09-18 09:00:00;33.1
2016-09-18 10:00:00;32.69
2016-09-18 11:00:00;32
2016-09-18 12:00:00;33.5
2016-09-18 13:00:00;34
2016-09-18 14:00:00;33.5
2016-09-18 15:00:00;29.01
2016-09-18 16:00:00;28
2016-09-18 17:00:00;27.5
2016-09-18 18:00:00;32.75
2016-09-18 19:00:00;38.5
2016-09-18 20:00:00;45.68
2016-09-18 21:00:00;49.01
2016-09-18 22:00:00;46.69
2016-09-18 23:00:00;45.19
2016-09-19 00:00:00;38.74
2016-09-19 01:00:00;36
2016-09-19 02:00:00;33.09
2016-09-19 03:00:00;32.6
2016-09-19 04:00:00;32.2
2016-09-19 05:00:00;32.35
2016-09-19 06:00:00;36.63
2016-09-19 07:00:00;42.31
2016-09-19 08:00:00;44.6
2016-09-19 09:00:00;44.69
2016-09-19 10:00:00;43.95
2016-09-19 11:00:00;43.97
2016-09-19 12:00:00;45.56
2016-09-19 13:00:00;46.1
2016-09-19 14:00:00;45.56
2016-09-19 15:00:00;45
2016-09-19 16:00:00;45.19
2016-09-19 17:00:00;45.47
2016-09-19 18:00:00;45.19
2016-09-19 19:00:00;46.59
2016-09-19 20:00:00;47.36
2016-09-19 21:00:00;48.03
2016-09-19 22:00:00;43.94
2016-09-19 23:00:00;40.5
2016-09-20 00:00:00;38.63
2016-09-20 01:00:00;37.29
2016-09-20 02:00:00;36.63
2016-09-20 03:00:00;35.8
2016-09-20 04:00:00;36.62
2016-09-20 05:00:00;36.63
2016-09-20 06:00:00;40.69
2016-09-20 07:00:00;46
2016-09-20 08:00:00;46.69
2016-09-20 09:00:00;47.87
2016-09-20 10:00:00;46.79
2016-09-20 11:00:00;46.69
2016-09-20 12:00:00;47.25
2016-09-20 13:00:00;47.25
2016-09-20 14:00:00;46.1
2016-09-20 15:00:00;45.69
2016-09-20 16:00:00;45.47
2016-09-20 17:00:00;45.47
2016-09-20 18:00:00;46
2016-09-20 19:00:00;48.07
2016-09-20 20:00:00;49.04
2016-09-20 21:00:00;48.01
2016-09-20 22:00:00;45.23
2016-09-20 23:00:00;41.02
2016-09-21 00:00:00;39.82
2016-09-21 01:00:00;38.98
2016-09-21 02:00:00;38.43
2016-09-21 03:00:00;38
2016-09-21 04:00:00;38.63
2016-09-21 05:00:00;39.5
2016-09-21 06:00:00;45.46
2016-09-21 07:00:00;48.19
2016-09-21 08:00:00;49.71
2016-09-21 09:00:00;49.69
2016-09-21 10:00:00;49.04
2016-09-21 11:00:00;48.36
2016-09-21 12:00:00;48.48
2016-09-21 13:00:00;48.48
2016-09-21 14:00:00;47.87
2016-09-21 15:00:00;47.36
2016-09-21 16:00:00;47.29
2016-09-21 17:00:00;47.38
2016-09-21 18:00:00;47.38
2016-09-21 19:00:00;48.75
2016-09-21 20:00:00;48.69
2016-09-21 21:00:00;49
2016-09-21 22:00:00;47.25
2016-09-21 23:00:00;44.1
2016-09-22 00:00:00;45.87
2016-09-22 01:00:00;45.23
2016-09-22 02:00:00;42.1
2016-09-22 03:00:00;41.12
2016-09-22 04:00:00;42
2016-09-22 05:00:00;43.8
2016-09-22 06:00:00;47
2016-09-22 07:00:00;48.48
2016-09-22 08:00:00;49.09
2016-09-22 09:00:00;49.6
2016-09-22 10:00:00;49.04
2016-09-22 11:00:00;48.48
2016-09-22 12:00:00;48.48
2016-09-22 13:00:00;48.09
2016-09-22 14:00:00;47.87
2016-09-22 15:00:00;47.38
2016-09-22 16:00:00;47.25
2016-09-22 17:00:00;47.38
2016-09-22 18:00:00;47.25
2016-09-22 19:00:00;49.06
2016-09-22 20:00:00;49.09
2016-09-22 21:00:00;49.1
2016-09-22 22:00:00;47.38
2016-09-22 23:00:00;44.85
2016-09-23 00:00:00;43.69
2016-09-23 01:00:00;41.19
2016-09-23 02:00:00;39.23
2016-09-23 03:00:00;38.81
2016-09-23 04:00:00;39.23
2016-09-23 05:00:00;41.07
2016-09-23 06:00:00;46.03
2016-09-23 07:00:00;49
2016-09-23 08:00:00;50.44
2016-09-23 09:00:00;50.69
2016-09-23 10:00:00;50.02
2016-09-23 11:00:00;49.19
2016-09-23 12:00:00;49.7
2016-09-23 13:00:00;49.52
2016-09-23 14:00:00;48.48
2016-09-23 15:00:00;48
2016-09-23 16:00:00;48
2016-09-23 17:00:00;47.87
2016-09-23 18:00:00;47.87
2016-09-23 19:00:00;47.87
2016-09-23 20:00:00;49.2
2016-09-23 21:00:00;49.87
2016-09-23 22:00:00;48.07
2016-09-23 23:00:00;45.56
2016-09-24 00:00:00;49.03
2016-09-24 01:00:00;48.48
2016-09-24 02:00:00;47.69
2016-09-24 03:00:00;45.73
2016-09-24 04:00:00;43.24
2016-09-24 05:00:00;40.37
2016-09-24 06:00:00;40.85
2016-09-24 07:00:00;43.4
2016-09-24 08:00:00;43.66
2016-09-24 09:00:00;48
2016-09-24 10:00:00;45
2016-09-24 11:00:00;39.45
2016-09-24 12:00:00;38.69
2016-09-24 13:00:00;38.24
2016-09-24 14:00:00;35.9
2016-09-24 15:00:00;34.31
2016-09-24 16:00:00;32.3
2016-09-24 17:00:00;34.58
2016-09-24 18:00:00;38.08
2016-09-24 19:00:00;42.63
2016-09-24 20:00:00;41.61
2016-09-24 21:00:00;47.51
2016-09-24 22:00:00;40.38
2016-09-24 23:00:00;38.46
2016-09-25 00:00:00;33.78
2016-09-25 01:00:00;33.6
2016-09-25 02:00:00;33.45
2016-09-25 03:00:00;33.45
2016-09-25 04:00:00;33.6
2016-09-25 05:00:00;33.85
2016-09-25 06:00:00;34.39
2016-09-25 07:00:00;35.55
2016-09-25 08:00:00;36.29
2016-09-25 09:00:00;37.23
2016-09-25 10:00:00;38.39
2016-09-25 11:00:00;38.71
2016-09-25 12:00:00;41.3
2016-09-25 13:00:00;44.82
2016-09-25 14:00:00;41.75
2016-09-25 15:00:00;35.6
2016-09-25 16:00:00;33.55
2016-09-25 17:00:00;33.35
2016-09-25 18:00:00;35.09
2016-09-25 19:00:00;40.95
2016-09-25 20:00:00;44.77
2016-09-25 21:00:00;49.03
2016-09-25 22:00:00;48.1
2016-09-25 23:00:00;39.89
2016-09-26 00:00:00;45.1
2016-09-26 01:00:00;40.23
2016-09-26 02:00:00;38.05
2016-09-26 03:00:00;36.51
2016-09-26 04:00:00;35.55
2016-09-26 05:00:00;37.17
2016-09-26 06:00:00;43.27
2016-09-26 07:00:00;48.69
2016-09-26 08:00:00;49
2016-09-26 09:00:00;50.05
2016-09-26 10:00:00;50.29
2016-09-26 11:00:00;50.44
2016-09-26 12:00:00;50.69
2016-09-26 13:00:00;50.08
2016-09-26 14:00:00;49.69
2016-09-26 15:00:00;49.03
2016-09-26 16:00:00;49.03
2016-09-26 17:00:00;49.19
2016-09-26 18:00:00;49.55
2016-09-26 19:00:00;53.66
2016-09-26 20:00:00;51.23
2016-09-26 21:00:00;51
2016-09-26 22:00:00;47.69
2016-09-26 23:00:00;42.1
2016-09-27 00:00:00;41
2016-09-27 01:00:00;38.39
2016-09-27 02:00:00;36.51
2016-09-27 03:00:00;35.2
2016-09-27 04:00:00;35.2
2016-09-27 05:00:00;36.29
2016-09-27 06:00:00;43
2016-09-27 07:00:00;49
2016-09-27 08:00:00;50
2016-09-27 09:00:00;48.69
2016-09-27 10:00:00;48
2016-09-27 11:00:00;46.69
2016-09-27 12:00:00;47.69
2016-09-27 13:00:00;47.69
2016-09-27 14:00:00;45.46
2016-09-27 15:00:00;44.94
2016-09-27 16:00:00;44.97
2016-09-27 17:00:00;44.96
2016-09-27 18:00:00;45.76
2016-09-27 19:00:00;49.1
2016-09-27 20:00:00;48.87
2016-09-27 21:00:00;47.69
2016-09-27 22:00:00;43.5
2016-09-27 23:00:00;38.81
2016-09-28 00:00:00;39
2016-09-28 01:00:00;33.94
2016-09-28 02:00:00;32.41
2016-09-28 03:00:00;32
2016-09-28 04:00:00;32
2016-09-28 05:00:00;32.41
2016-09-28 06:00:00;39.98
2016-09-28 07:00:00;47.3
2016-09-28 08:00:00;48.26
2016-09-28 09:00:00;49.72
2016-09-28 10:00:00;48.69
2016-09-28 11:00:00;48
2016-09-28 12:00:00;46.88
2016-09-28 13:00:00;46.23
2016-09-28 14:00:00;45
2016-09-28 15:00:00;44.06
2016-09-28 16:00:00;44.26
2016-09-28 17:00:00;47
2016-09-28 18:00:00;47.88
2016-09-28 19:00:00;49.03
2016-09-28 20:00:00;50.87
2016-09-28 21:00:00;48.69
2016-09-28 22:00:00;45.15
2016-09-28 23:00:00;40
2016-09-29 00:00:00;40.36
2016-09-29 01:00:00;36.35
2016-09-29 02:00:00;33.09
2016-09-29 03:00:00;32.6
2016-09-29 04:00:00;32.7
2016-09-29 05:00:00;33.44
2016-09-29 06:00:00;38.07
2016-09-29 07:00:00;47.2
2016-09-29 08:00:00;46.8
2016-09-29 09:00:00;47.25
2016-09-29 10:00:00;46.44
2016-09-29 11:00:00;45.11
2016-09-29 12:00:00;45.7
2016-09-29 13:00:00;45.7
2016-09-29 14:00:00;44.5
2016-09-29 15:00:00;44.32
2016-09-29 16:00:00;45.19
2016-09-29 17:00:00;46.9
2016-09-29 18:00:00;48.02
2016-09-29 19:00:00;50.3
2016-09-29 20:00:00;52.48
2016-09-29 21:00:00;50.08
2016-09-29 22:00:00;48.27
2016-09-29 23:00:00;44
2016-09-30 00:00:00;42.86
2016-09-30 01:00:00;39.44
2016-09-30 02:00:00;37.94
2016-09-30 03:00:00;37.69
2016-09-30 04:00:00;37.69
2016-09-30 05:00:00;38.46
2016-09-30 06:00:00;43.02
2016-09-30 07:00:00;49.66
2016-09-30 08:00:00;50.03
2016-09-30 09:00:00;49.69
2016-09-30 10:00:00;48.87
2016-09-30 11:00:00;47.69
2016-09-30 12:00:00;48.44
2016-09-30 13:00:00;48.2
2016-09-30 14:00:00;45.46
2016-09-30 15:00:00;43.07
2016-09-30 16:00:00;43.89
2016-09-30 17:00:00;48
2016-09-30 18:00:00;48.44
2016-09-30 19:00:00;50.05
2016-09-30 20:00:00;50.49
2016-09-30 21:00:00;49.87
2016-09-30 22:00:00;48
2016-09-30 23:00:00;44
2016-10-01 00:00:00;45.29
2016-10-01 01:00:00;40.85
2016-10-01 02:00:00;39
2016-10-01 03:00:00;37.94
2016-10-01 04:00:00;37.9
2016-10-01 05:00:00;37.69
2016-10-01 06:00:00;38.35
2016-10-01 07:00:00;40.71
2016-10-01 08:00:00;44.69
2016-10-01 09:00:00;48.6
2016-10-01 10:00:00;47.81
2016-10-01 11:00:00;46.78
2016-10-01 12:00:00;47.69
2016-10-01 13:00:00;48.66
2016-10-01 14:00:00;46.07
2016-10-01 15:00:00;41.24
2016-10-01 16:00:00;40.13
2016-10-01 17:00:00;39.44
2016-10-01 18:00:00;46.69
2016-10-01 19:00:00;47.01
2016-10-01 20:00:00;50.05
2016-10-01 21:00:00;50.08
2016-10-01 22:00:00;48.87
2016-10-01 23:00:00;44.69
2016-10-02 00:00:00;43.5
2016-10-02 01:00:00;40.51
2016-10-02 02:00:00;38.35
2016-10-02 03:00:00;37.9
2016-10-02 04:00:00;37.9
2016-10-02 05:00:00;37.9
2016-10-02 06:00:00;38.35
2016-10-02 07:00:00;40.51
2016-10-02 08:00:00;40.37
2016-10-02 09:00:00;46.07
2016-10-02 10:00:00;47.01
2016-10-02 11:00:00;46.69
2016-10-02 12:00:00;46.69
2016-10-02 13:00:00;46.69
2016-10-02 14:00:00;44.78
2016-10-02 15:00:00;39.35
2016-10-02 16:00:00;37.9
2016-10-02 17:00:00;37.9
2016-10-02 18:00:00;41.46
2016-10-02 19:00:00;49.35
2016-10-02 20:00:00;53.48
2016-10-02 21:00:00;54.69
2016-10-02 22:00:00;52.44
2016-10-02 23:00:00;50.69
2016-10-03 00:00:00;45.86
2016-10-03 01:00:00;42
2016-10-03 02:00:00;39.86
2016-10-03 03:00:00;38.53
2016-10-03 04:00:00;38.35
2016-10-03 05:00:00;39.74
2016-10-03 06:00:00;45.72
2016-10-03 07:00:00;52.23
2016-10-03 08:00:00;53.49
2016-10-03 09:00:00;53.39
2016-10-03 10:00:00;52.75
2016-10-03 11:00:00;51.16
2016-10-03 12:00:00;50.94
2016-10-03 13:00:00;50.48
2016-10-03 14:00:00;49.89
2016-10-03 15:00:00;46.95
2016-10-03 16:00:00;47.6
2016-10-03 17:00:00;49.69
2016-10-03 18:00:00;51.66
2016-10-03 19:00:00;53.77
2016-10-03 20:00:00;56.65
2016-10-03 21:00:00;54.07
2016-10-03 22:00:00;51.57
2016-10-03 23:00:00;49.77
2016-10-04 00:00:00;50.91
2016-10-04 01:00:00;50
2016-10-04 02:00:00;48.69
2016-10-04 03:00:00;48
2016-10-04 04:00:00;48
2016-10-04 05:00:00;49.1
2016-10-04 06:00:00;52.23
2016-10-04 07:00:00;55.99
2016-10-04 08:00:00;55.39
2016-10-04 09:00:00;55.99
2016-10-04 10:00:00;55.09
2016-10-04 11:00:00;54.07
2016-10-04 12:00:00;54.39
2016-10-04 13:00:00;54.27
2016-10-04 14:00:00;53.58
2016-10-04 15:00:00;52.75
2016-10-04 16:00:00;52.69
2016-10-04 17:00:00;52.75
2016-10-04 18:00:00;53.48
2016-10-04 19:00:00;54.85
2016-10-04 20:00:00;55.99
2016-10-04 21:00:00;54.95
2016-10-04 22:00:00;51.16
2016-10-04 23:00:00;46.76
2016-10-05 00:00:00;48.07
2016-10-05 01:00:00;43
2016-10-05 02:00:00;40.69
2016-10-05 03:00:00;40
2016-10-05 04:00:00;39.34
2016-10-05 05:00:00;41.11
2016-10-05 06:00:00;50.69
2016-10-05 07:00:00;52.98
2016-10-05 08:00:00;53.58
2016-10-05 09:00:00;53.76
2016-10-05 10:00:00;52.98
2016-10-05 11:00:00;51.21
2016-10-05 12:00:00;52.51
2016-10-05 13:00:00;52.98
2016-10-05 14:00:00;51.6
2016-10-05 15:00:00;50.82
2016-10-05 16:00:00;51.16
2016-10-05 17:00:00;51.75
2016-10-05 18:00:00;52.23
2016-10-05 19:00:00;55.69
2016-10-05 20:00:00;56.65
2016-10-05 21:00:00;55.8
2016-10-05 22:00:00;52.98
2016-10-05 23:00:00;51.57
2016-10-06 00:00:00;52.29
2016-10-06 01:00:00;50.69
2016-10-06 02:00:00;48.2
2016-10-06 03:00:00;47.07
2016-10-06 04:00:00;46.99
2016-10-06 05:00:00;48.69
2016-10-06 06:00:00;52.75
2016-10-06 07:00:00;56.69
2016-10-06 08:00:00;56.65
2016-10-06 09:00:00;56.69
2016-10-06 10:00:00;56.01
2016-10-06 11:00:00;53.89
2016-10-06 12:00:00;53.58
2016-10-06 13:00:00;52.98
2016-10-06 14:00:00;51.9
2016-10-06 15:00:00;50.4
2016-10-06 16:00:00;50.67
2016-10-06 17:00:00;48.02
2016-10-06 18:00:00;52.2
2016-10-06 19:00:00;54.49
2016-10-06 20:00:00;57.54
2016-10-06 21:00:00;54.69
2016-10-06 22:00:00;52.23
2016-10-06 23:00:00;51.1
2016-10-07 00:00:00;53.6
2016-10-07 01:00:00;52.79
2016-10-07 02:00:00;51.69
2016-10-07 03:00:00;51.16
2016-10-07 04:00:00;51.01
2016-10-07 05:00:00;51.69
2016-10-07 06:00:00;54.07
2016-10-07 07:00:00;58.69
2016-10-07 08:00:00;58.5
2016-10-07 09:00:00;58.75
2016-10-07 10:00:00;58.5
2016-10-07 11:00:00;56.69
2016-10-07 12:00:00;56.69
2016-10-07 13:00:00;56.65
2016-10-07 14:00:00;54.49
2016-10-07 15:00:00;53.58
2016-10-07 16:00:00;53.28
2016-10-07 17:00:00;53.5
2016-10-07 18:00:00;54.07
2016-10-07 19:00:00;56.69
2016-10-07 20:00:00;59.1
2016-10-07 21:00:00;57.69
2016-10-07 22:00:00;55
2016-10-07 23:00:00;48.28
2016-10-08 00:00:00;53.24
2016-10-08 01:00:00;50
2016-10-08 02:00:00;47.07
2016-10-08 03:00:00;43.44
2016-10-08 04:00:00;43.19
2016-10-08 05:00:00;42.84
2016-10-08 06:00:00;43.39
2016-10-08 07:00:00;48
2016-10-08 08:00:00;49.34
2016-10-08 09:00:00;52.23
2016-10-08 10:00:00;52.98
2016-10-08 11:00:00;52.75
2016-10-08 12:00:00;52.98
2016-10-08 13:00:00;51.61
2016-10-08 14:00:00;51.16
2016-10-08 15:00:00;44.24
2016-10-08 16:00:00;42.69
2016-10-08 17:00:00;42.69
2016-10-08 18:00:00;46
2016-10-08 19:00:00;52.75
2016-10-08 20:00:00;54.49
2016-10-08 21:00:00;52.75
2016-10-08 22:00:00;49.89
2016-10-08 23:00:00;45.55
2016-10-09 00:00:00;43.67
2016-10-09 01:00:00;41.56
2016-10-09 02:00:00;40.01
2016-10-09 03:00:00;39.54
2016-10-09 04:00:00;38.9
2016-10-09 05:00:00;37.33
2016-10-09 06:00:00;37.33
2016-10-09 07:00:00;38.9
2016-10-09 08:00:00;40.4
2016-10-09 09:00:00;41.79
2016-10-09 10:00:00;42.5
2016-10-09 11:00:00;42.5
2016-10-09 12:00:00;42.5
2016-10-09 13:00:00;44.19
2016-10-09 14:00:00;42.22
2016-10-09 15:00:00;41.04
2016-10-09 16:00:00;40.65
2016-10-09 17:00:00;40.4
2016-10-09 18:00:00;41.29
2016-10-09 19:00:00;52.75
2016-10-09 20:00:00;54.49
2016-10-09 21:00:00;52.98
2016-10-09 22:00:00;50.82
2016-10-09 23:00:00;43.6
2016-10-10 00:00:00;45.03
2016-10-10 01:00:00;40
2016-10-10 02:00:00;39.39
2016-10-10 03:00:00;39.19
2016-10-10 04:00:00;39.19
2016-10-10 05:00:00;41.88
2016-10-10 06:00:00;52.98
2016-10-10 07:00:00;57.14
2016-10-10 08:00:00;58.5
2016-10-10 09:00:00;59.69
2016-10-10 10:00:00;59.69
2016-10-10 11:00:00;58.5
2016-10-10 12:00:00;57.56
2016-10-10 13:00:00;57.56
2016-10-10 14:00:00;56.33
2016-10-10 15:00:00;54.01
2016-10-10 16:00:00;55
2016-10-10 17:00:00;57.24
2016-10-10 18:00:00;59.69
2016-10-10 19:00:00;60.51
2016-10-10 20:00:00;65
2016-10-10 21:00:00;62.12
2016-10-10 22:00:00;58.45
2016-10-10 23:00:00;55
2016-10-11 00:00:00;58.69
2016-10-11 01:00:00;53.58
2016-10-11 02:00:00;50
2016-10-11 03:00:00;45.94
2016-10-11 04:00:00;46.12
2016-10-11 05:00:00;51.4
2016-10-11 06:00:00;59.07
2016-10-11 07:00:00;60
2016-10-11 08:00:00;61.03
2016-10-11 09:00:00;62
2016-10-11 10:00:00;61.3
2016-10-11 11:00:00;60
2016-10-11 12:00:00;60
2016-10-11 13:00:00;59.69
2016-10-11 14:00:00;57.05
2016-10-11 15:00:00;56.01
2016-10-11 16:00:00;55.46
2016-10-11 17:00:00;56.65
2016-10-11 18:00:00;57.56
2016-10-11 19:00:00;59
2016-10-11 20:00:00;62.69
2016-10-11 21:00:00;61.19
2016-10-11 22:00:00;56.02
2016-10-11 23:00:00;53.69
2016-10-12 00:00:00;50
2016-10-12 01:00:00;47.06
2016-10-12 02:00:00;44.78
2016-10-12 03:00:00;41.33
2016-10-12 04:00:00;41.04
2016-10-12 05:00:00;43.2
2016-10-12 06:00:00;45.94
2016-10-12 07:00:00;49.34
2016-10-12 08:00:00;48.19
2016-10-12 09:00:00;52.34
2016-10-12 10:00:00;53.58
2016-10-12 11:00:00;53.99
2016-10-12 12:00:00;53.99
2016-10-12 13:00:00;54.07
2016-10-12 14:00:00;53.99
2016-10-12 15:00:00;52.98
2016-10-12 16:00:00;52.75
2016-10-12 17:00:00;52.98
2016-10-12 18:00:00;52.98
2016-10-12 19:00:00;54.35
2016-10-12 20:00:00;62.3
2016-10-12 21:00:00;62.08
2016-10-12 22:00:00;58.6
2016-10-12 23:00:00;54.07
2016-10-13 00:00:00;56.1
2016-10-13 01:00:00;50.29
2016-10-13 02:00:00;45.48
2016-10-13 03:00:00;42.22
2016-10-13 04:00:00;42.22
2016-10-13 05:00:00;46.6
2016-10-13 06:00:00;57.05
2016-10-13 07:00:00;61.5
2016-10-13 08:00:00;62
2016-10-13 09:00:00;62.69
2016-10-13 10:00:00;63.01
2016-10-13 11:00:00;62.49
2016-10-13 12:00:00;62.49
2016-10-13 13:00:00;62.5
2016-10-13 14:00:00;61.6
2016-10-13 15:00:00;60.2
2016-10-13 16:00:00;59.07
2016-10-13 17:00:00;59.5
2016-10-13 18:00:00;59.5
2016-10-13 19:00:00;60.9
2016-10-13 20:00:00;64
2016-10-13 21:00:00;63.48
2016-10-13 22:00:00;60.5
2016-10-13 23:00:00;57.05
2016-10-14 00:00:00;57.05
2016-10-14 01:00:00;50
2016-10-14 02:00:00;45.91
2016-10-14 03:00:00;43.27
2016-10-14 04:00:00;42.41
2016-10-14 05:00:00;45.69
2016-10-14 06:00:00;54.6
2016-10-14 07:00:00;59.19
2016-10-14 08:00:00;58.35
2016-10-14 09:00:00;59.98
2016-10-14 10:00:00;59.61
2016-10-14 11:00:00;58.1
2016-10-14 12:00:00;58.23
2016-10-14 13:00:00;58.2
2016-10-14 14:00:00;56.65
2016-10-14 15:00:00;53.58
2016-10-14 16:00:00;53.06
2016-10-14 17:00:00;53.51
2016-10-14 18:00:00;56.6
2016-10-14 19:00:00;59.5
2016-10-14 20:00:00;63.38
2016-10-14 21:00:00;59.98
2016-10-14 22:00:00;56.6
2016-10-14 23:00:00;53
2016-10-15 00:00:00;50
2016-10-15 01:00:00;45.8
2016-10-15 02:00:00;43.04
2016-10-15 03:00:00;42.41
2016-10-15 04:00:00;41.03
2016-10-15 05:00:00;40
2016-10-15 06:00:00;43.02
2016-10-15 07:00:00;45.8
2016-10-15 08:00:00;46.69
2016-10-15 09:00:00;47.6
2016-10-15 10:00:00;48.39
2016-10-15 11:00:00;44.72
2016-10-15 12:00:00;43.32
2016-10-15 13:00:00;42.67
2016-10-15 14:00:00;41.03
2016-10-15 15:00:00;38.1
2016-10-15 16:00:00;38.14
2016-10-15 17:00:00;42.86
2016-10-15 18:00:00;49.92
2016-10-15 19:00:00;57.05
2016-10-15 20:00:00;54.61
2016-10-15 21:00:00;54.07
2016-10-15 22:00:00;49.07
2016-10-15 23:00:00;46.1
2016-10-16 00:00:00;42.41
2016-10-16 01:00:00;40.11
2016-10-16 02:00:00;39.3
2016-10-16 03:00:00;38.06
2016-10-16 04:00:00;38.06
2016-10-16 05:00:00;38.06
2016-10-16 06:00:00;39.3
2016-10-16 07:00:00;40.11
2016-10-16 08:00:00;40.55
2016-10-16 09:00:00;42.63
2016-10-16 10:00:00;44.64
2016-10-16 11:00:00;43.27
2016-10-16 12:00:00;43.04
2016-10-16 13:00:00;43.04
2016-10-16 14:00:00;43.02
2016-10-16 15:00:00;42.18
2016-10-16 16:00:00;41.69
2016-10-16 17:00:00;42.63
2016-10-16 18:00:00;51.57
2016-10-16 19:00:00;60.2
2016-10-16 20:00:00;63.01
2016-10-16 21:00:00;62.49
2016-10-16 22:00:00;59.94
2016-10-16 23:00:00;55.38
2016-10-17 00:00:00;53.58
2016-10-17 01:00:00;50.1
2016-10-17 02:00:00;48.1
2016-10-17 03:00:00;47.5
2016-10-17 04:00:00;48.1
2016-10-17 05:00:00;50.05
2016-10-17 06:00:00;52.75
2016-10-17 07:00:00;65
2016-10-17 08:00:00;66.19
2016-10-17 09:00:00;66.47
2016-10-17 10:00:00;67.13
2016-10-17 11:00:00;65.87
2016-10-17 12:00:00;65.69
2016-10-17 13:00:00;63.77
2016-10-17 14:00:00;62.49
2016-10-17 15:00:00;60.1
2016-10-17 16:00:00;59.69
2016-10-17 17:00:00;61.33
2016-10-17 18:00:00;64.73
2016-10-17 19:00:00;66.07
2016-10-17 20:00:00;69.88
2016-10-17 21:00:00;63.33
2016-10-17 22:00:00;53.51
2016-10-17 23:00:00;52.23
2016-10-18 00:00:00;57.43
2016-10-18 01:00:00;52.22
2016-10-18 02:00:00;46.1
2016-10-18 03:00:00;43.4
2016-10-18 04:00:00;43.27
2016-10-18 05:00:00;46.41
2016-10-18 06:00:00;57.05
2016-10-18 07:00:00;60
2016-10-18 08:00:00;60.69
2016-10-18 09:00:00;61.69
2016-10-18 10:00:00;62.49
2016-10-18 11:00:00;61.69
2016-10-18 12:00:00;62.25
2016-10-18 13:00:00;62.69
2016-10-18 14:00:00;62
2016-10-18 15:00:00;61
2016-10-18 16:00:00;60.01
2016-10-18 17:00:00;61.39
2016-10-18 18:00:00;60.69
2016-10-18 19:00:00;61.5
2016-10-18 20:00:00;64.73
2016-10-18 21:00:00;62.5
2016-10-18 22:00:00;56.65
2016-10-18 23:00:00;54.01
2016-10-19 00:00:00;55.83
2016-10-19 01:00:00;51.57
2016-10-19 02:00:00;45.81
2016-10-19 03:00:00;43.38
2016-10-19 04:00:00;44.38
2016-10-19 05:00:00;47.69
2016-10-19 06:00:00;60.5
2016-10-19 07:00:00;62.18
2016-10-19 08:00:00;63.69
2016-10-19 09:00:00;64.19
2016-10-19 10:00:00;65.19
2016-10-19 11:00:00;64.2
2016-10-19 12:00:00;64.69
2016-10-19 13:00:00;64.69
2016-10-19 14:00:00;63.2
2016-10-19 15:00:00;62.51
2016-10-19 16:00:00;62.69
2016-10-19 17:00:00;63
2016-10-19 18:00:00;62.99
2016-10-19 19:00:00;64.46
2016-10-19 20:00:00;66.58
2016-10-19 21:00:00;65.19
2016-10-19 22:00:00;59.26
2016-10-19 23:00:00;55
2016-10-20 00:00:00;60
2016-10-20 01:00:00;54.1
2016-10-20 02:00:00;50.36
2016-10-20 03:00:00;46.34
2016-10-20 04:00:00;46.34
2016-10-20 05:00:00;53.01
2016-10-20 06:00:00;59.9
2016-10-20 07:00:00;61.99
2016-10-20 08:00:00;65.4
2016-10-20 09:00:00;64
2016-10-20 10:00:00;64.6
2016-10-20 11:00:00;63
2016-10-20 12:00:00;63.61
2016-10-20 13:00:00;63.69
2016-10-20 14:00:00;61.99
2016-10-20 15:00:00;61
2016-10-20 16:00:00;61
2016-10-20 17:00:00;61.6
2016-10-20 18:00:00;61.61
2016-10-20 19:00:00;62.8
2016-10-20 20:00:00;66.11
2016-10-20 21:00:00;65.05
2016-10-20 22:00:00;59.1
2016-10-20 23:00:00;55
2016-10-21 00:00:00;57.05
2016-10-21 01:00:00;52.75
2016-10-21 02:00:00;47.74
2016-10-21 03:00:00;43.49
2016-10-21 04:00:00;43.42
2016-10-21 05:00:00;50.5
2016-10-21 06:00:00;56.7
2016-10-21 07:00:00;61.79
2016-10-21 08:00:00;65.6
2016-10-21 09:00:00;64.69
2016-10-21 10:00:00;65.01
2016-10-21 11:00:00;63.98
2016-10-21 12:00:00;64
2016-10-21 13:00:00;64.46
2016-10-21 14:00:00;63
2016-10-21 15:00:00;61.99
2016-10-21 16:00:00;61.99
2016-10-21 17:00:00;61.99
2016-10-21 18:00:00;62.16
2016-10-21 19:00:00;63.74
2016-10-21 20:00:00;66.19
2016-10-21 21:00:00;64.69
2016-10-21 22:00:00;61.42
2016-10-21 23:00:00;58.93
2016-10-22 00:00:00;54.7
2016-10-22 01:00:00;51.16
2016-10-22 02:00:00;48.86
2016-10-22 03:00:00;45.93
2016-10-22 04:00:00;41.21
2016-10-22 05:00:00;41.41
2016-10-22 06:00:00;44.37
2016-10-22 07:00:00;52.01
2016-10-22 08:00:00;58.1
2016-10-22 09:00:00;61.15
2016-10-22 10:00:00;63.05
2016-10-22 11:00:00;61.69
2016-10-22 12:00:00;58.13
2016-10-22 13:00:00;56.01
2016-10-22 14:00:00;50.42
2016-10-22 15:00:00;47.21
2016-10-22 16:00:00;47.21
2016-10-22 17:00:00;51.81
2016-10-22 18:00:00;52.95
2016-10-22 19:00:00;55.85
2016-10-22 20:00:00;60
2016-10-22 21:00:00;54.1
2016-10-22 22:00:00;50.1
2016-10-22 23:00:00;45.69
2016-10-23 00:00:00;41.61
2016-10-23 01:00:00;40.69
2016-10-23 02:00:00;39.3
2016-10-23 03:00:00;34.73
2016-10-23 04:00:00;32.03
2016-10-23 05:00:00;30
2016-10-23 06:00:00;30
2016-10-23 07:00:00;31.6
2016-10-23 08:00:00;34.35
2016-10-23 09:00:00;38.33
2016-10-23 10:00:00;40.91
2016-10-23 11:00:00;40.91
2016-10-23 12:00:00;41
2016-10-23 13:00:00;39.5
2016-10-23 14:00:00;33.09
2016-10-23 15:00:00;32.66
2016-10-23 16:00:00;34.44
2016-10-23 17:00:00;41.61
2016-10-23 18:00:00;43.04
2016-10-23 19:00:00;54.07
2016-10-23 20:00:00;63.49
2016-10-23 21:00:00;56.3
2016-10-23 22:00:00;55
2016-10-23 23:00:00;50
2016-10-24 00:00:00;46.1
2016-10-24 01:00:00;42.04
2016-10-24 02:00:00;38.06
2016-10-24 03:00:00;37.02
2016-10-24 04:00:00;33.2
2016-10-24 05:00:00;39.12
2016-10-24 06:00:00;51.57
2016-10-24 07:00:00;56.65
2016-10-24 08:00:00;60.01
2016-10-24 09:00:00;60.33
2016-10-24 10:00:00;62.18
2016-10-24 11:00:00;61.8
2016-10-24 12:00:00;61.99
2016-10-24 13:00:00;61.42
2016-10-24 14:00:00;59.98
2016-10-24 15:00:00;58.69
2016-10-24 16:00:00;59.04
2016-10-24 17:00:00;60.3
2016-10-24 18:00:00;61.2
2016-10-24 19:00:00;62.54
2016-10-24 20:00:00;66.11
2016-10-24 21:00:00;62.56
2016-10-24 22:00:00;55.58
2016-10-24 23:00:00;52.75
2016-10-25 00:00:00;54.43
2016-10-25 01:00:00;46.36
2016-10-25 02:00:00;43.21
2016-10-25 03:00:00;41.06
2016-10-25 04:00:00;41.42
2016-10-25 05:00:00;46.46
2016-10-25 06:00:00;60
2016-10-25 07:00:00;62.15
2016-10-25 08:00:00;64.88
2016-10-25 09:00:00;63.68
2016-10-25 10:00:00;64.9
2016-10-25 11:00:00;63.86
2016-10-25 12:00:00;64.19
2016-10-25 13:00:00;63.28
2016-10-25 14:00:00;62.58
2016-10-25 15:00:00;62.23
2016-10-25 16:00:00;62.69
2016-10-25 17:00:00;63.69
2016-10-25 18:00:00;64.63
2016-10-25 19:00:00;65.79
2016-10-25 20:00:00;68.09
2016-10-25 21:00:00;66.91
2016-10-25 22:00:00;63.83
2016-10-25 23:00:00;61.5
2016-10-26 00:00:00;60
2016-10-26 01:00:00;51.57
2016-10-26 02:00:00;46.36
2016-10-26 03:00:00;44.2
2016-10-26 04:00:00;43.47
2016-10-26 05:00:00;47.8
2016-10-26 06:00:00;60.7
2016-10-26 07:00:00;66.11
2016-10-26 08:00:00;67
2016-10-26 09:00:00;65.91
2016-10-26 10:00:00;65.91
2016-10-26 11:00:00;65.68
2016-10-26 12:00:00;65.69
2016-10-26 13:00:00;65.69
2016-10-26 14:00:00;64.63
2016-10-26 15:00:00;63.69
2016-10-26 16:00:00;63.74
2016-10-26 17:00:00;64.38
2016-10-26 18:00:00;63.69
2016-10-26 19:00:00;64.63
2016-10-26 20:00:00;66.11
2016-10-26 21:00:00;64.88
2016-10-26 22:00:00;60.91
2016-10-26 23:00:00;57.05
2016-10-27 00:00:00;52.58
2016-10-27 01:00:00;46.17
2016-10-27 02:00:00;43.42
2016-10-27 03:00:00;40.55
2016-10-27 04:00:00;39.66
2016-10-27 05:00:00;42.31
2016-10-27 06:00:00;51.57
2016-10-27 07:00:00;60.69
2016-10-27 08:00:00;61.99
2016-10-27 09:00:00;61.99
2016-10-27 10:00:00;61.99
2016-10-27 11:00:00;61.2
2016-10-27 12:00:00;61.99
2016-10-27 13:00:00;60.91
2016-10-27 14:00:00;59.98
2016-10-27 15:00:00;59.9
2016-10-27 16:00:00;60.56
2016-10-27 17:00:00;61.69
2016-10-27 18:00:00;61.99
2016-10-27 19:00:00;63.19
2016-10-27 20:00:00;65.2
2016-10-27 21:00:00;62.69
2016-10-27 22:00:00;57.59
2016-10-27 23:00:00;55.7
2016-10-28 00:00:00;48.75
2016-10-28 01:00:00;43.51
2016-10-28 02:00:00;43.04
2016-10-28 03:00:00;42.91
2016-10-28 04:00:00;42.91
2016-10-28 05:00:00;43.04
2016-10-28 06:00:00;58.3
2016-10-28 07:00:00;64.71
2016-10-28 08:00:00;65.89
2016-10-28 09:00:00;65.15
2016-10-28 10:00:00;64.88
2016-10-28 11:00:00;63.69
2016-10-28 12:00:00;62.15
2016-10-28 13:00:00;60
2016-10-28 14:00:00;57.98
2016-10-28 15:00:00;56.28
2016-10-28 16:00:00;56.3
2016-10-28 17:00:00;60.56
2016-10-28 18:00:00;62.69
2016-10-28 19:00:00;64.4
2016-10-28 20:00:00;66.11
2016-10-28 21:00:00;58.57
2016-10-28 22:00:00;55.35
2016-10-28 23:00:00;51.57
2016-10-29 00:00:00;55.2
2016-10-29 01:00:00;49.33
2016-10-29 02:00:00;48.22
2016-10-29 03:00:00;45.43
2016-10-29 04:00:00;45
2016-10-29 05:00:00;44.76
2016-10-29 06:00:00;45.56
2016-10-29 07:00:00;51.6
2016-10-29 08:00:00;53.57
2016-10-29 09:00:00;58.69
2016-10-29 10:00:00;59.98
2016-10-29 11:00:00;56.92
2016-10-29 12:00:00;55
2016-10-29 13:00:00;53.57
2016-10-29 14:00:00;53.01
2016-10-29 15:00:00;48.22
2016-10-29 16:00:00;47.41
2016-10-29 17:00:00;51.16
2016-10-29 18:00:00;58.89
2016-10-29 19:00:00;64.56
2016-10-29 20:00:00;65
2016-10-29 21:00:00;62.03
2016-10-29 22:00:00;59.05
2016-10-29 23:00:00;54.69
2016-10-30 00:00:00;53.16
2016-10-30 01:00:00;48.49
2016-10-30 02:00:00;49.75
2016-10-30 02:00:00;47.9
2016-10-30 03:00:00;46.9
2016-10-30 04:00:00;46.51
2016-10-30 05:00:00;46.05
2016-10-30 06:00:00;46.16
2016-10-30 07:00:00;45.43
2016-10-30 08:00:00;45.41
2016-10-30 09:00:00;46.51
2016-10-30 10:00:00;47.41
2016-10-30 11:00:00;47.7
2016-10-30 12:00:00;49.21
2016-10-30 13:00:00;51.15
2016-10-30 14:00:00;50
2016-10-30 15:00:00;47.9
2016-10-30 16:00:00;47.9
2016-10-30 17:00:00;50.81
2016-10-30 18:00:00;57.56
2016-10-30 19:00:00;60.1
2016-10-30 20:00:00;63.89
2016-10-30 21:00:00;63.45
2016-10-30 22:00:00;60.69
2016-10-30 23:00:00;58.69
2016-10-31 00:00:00;51.69
2016-10-31 01:00:00;46.9
2016-10-31 02:00:00;46.35
2016-10-31 03:00:00;45.68
2016-10-31 04:00:00;45.43
2016-10-31 05:00:00;46.05
2016-10-31 06:00:00;48.49
2016-10-31 07:00:00;56.07
2016-10-31 08:00:00;59.69
2016-10-31 09:00:00;56.7
2016-10-31 10:00:00;55.28
2016-10-31 11:00:00;54.23
2016-10-31 12:00:00;55.58
2016-10-31 13:00:00;55.58
2016-10-31 14:00:00;54.23
2016-10-31 15:00:00;53.69
2016-10-31 16:00:00;53.89
2016-10-31 17:00:00;59.69
2016-10-31 18:00:00;63.5
2016-10-31 19:00:00;63.89
2016-10-31 20:00:00;61.99
2016-10-31 21:00:00;59.69
2016-10-31 22:00:00;51.57
2016-10-31 23:00:00;45.68
2016-11-01 00:00:00;47.44
2016-11-01 01:00:00;42.74
2016-11-01 02:00:00;41.8
2016-11-01 03:00:00;41.48
2016-11-01 04:00:00;41.48
2016-11-01 05:00:00;41.48
2016-11-01 06:00:00;41.8
2016-11-01 07:00:00;43.17
2016-11-01 08:00:00;45.43
2016-11-01 09:00:00;47.52
2016-11-01 10:00:00;48.49
2016-11-01 11:00:00;48.3
2016-11-01 12:00:00;48.27
2016-11-01 13:00:00;48.22
2016-11-01 14:00:00;48.22
2016-11-01 15:00:00;47.41
2016-11-01 16:00:00;47.41
2016-11-01 17:00:00;54.4
2016-11-01 18:00:00;65.56
2016-11-01 19:00:00;67.15
2016-11-01 20:00:00;66.46
2016-11-01 21:00:00;63.57
2016-11-01 22:00:00;59.98
2016-11-01 23:00:00;55.4
2016-11-02 00:00:00;56.23
2016-11-02 01:00:00;49.49
2016-11-02 02:00:00;47.28
2016-11-02 03:00:00;46.9
2016-11-02 04:00:00;46.65
2016-11-02 05:00:00;46.94
2016-11-02 06:00:00;56.74
2016-11-02 07:00:00;65.73
2016-11-02 08:00:00;67.69
2016-11-02 09:00:00;66.69
2016-11-02 10:00:00;65.69
2016-11-02 11:00:00;65.56
2016-11-02 12:00:00;64.58
2016-11-02 13:00:00;64.3
2016-11-02 14:00:00;64.69
2016-11-02 15:00:00;64.89
2016-11-02 16:00:00;65.04
2016-11-02 17:00:00;65.8
2016-11-02 18:00:00;69.79
2016-11-02 19:00:00;71.91
2016-11-02 20:00:00;72.51
2016-11-02 21:00:00;68.01
2016-11-02 22:00:00;61.99
2016-11-02 23:00:00;57
2016-11-03 00:00:00;60.69
2016-11-03 01:00:00;56.75
2016-11-03 02:00:00;54.19
2016-11-03 03:00:00;51.89
2016-11-03 04:00:00;51.64
2016-11-03 05:00:00;52.82
2016-11-03 06:00:00;61.11
2016-11-03 07:00:00;66.54
2016-11-03 08:00:00;68.69
2016-11-03 09:00:00;69.11
2016-11-03 10:00:00;67.69
2016-11-03 11:00:00;65.89
2016-11-03 12:00:00;64.53
2016-11-03 13:00:00;64.58
2016-11-03 14:00:00;64.89
2016-11-03 15:00:00;63.2
2016-11-03 16:00:00;67.69
2016-11-03 17:00:00;68.2
2016-11-03 18:00:00;70.11
2016-11-03 19:00:00;72.19
2016-11-03 20:00:00;72.19
2016-11-03 21:00:00;68.05
2016-11-03 22:00:00;65.23
2016-11-03 23:00:00;59.45
2016-11-04 00:00:00;58.07
2016-11-04 01:00:00;53.47
2016-11-04 02:00:00;48.8
2016-11-04 03:00:00;48.35
2016-11-04 04:00:00;48.23
2016-11-04 05:00:00;51.8
2016-11-04 06:00:00;61.99
2016-11-04 07:00:00;63.03
2016-11-04 08:00:00;66.1
2016-11-04 09:00:00;66.54
2016-11-04 10:00:00;67.03
2016-11-04 11:00:00;66.74
2016-11-04 12:00:00;66.32
2016-11-04 13:00:00;66.32
2016-11-04 14:00:00;65.33
2016-11-04 15:00:00;64.6
2016-11-04 16:00:00;64.43
2016-11-04 17:00:00;64.9
2016-11-04 18:00:00;67
2016-11-04 19:00:00;67.69
2016-11-04 20:00:00;67.69
2016-11-04 21:00:00;62.1
2016-11-04 22:00:00;57.75
2016-11-04 23:00:00;56.45
2016-11-05 00:00:00;55.05
2016-11-05 01:00:00;50.89
2016-11-05 02:00:00;46.5
2016-11-05 03:00:00;44.31
2016-11-05 04:00:00;43.75
2016-11-05 05:00:00;43.46
2016-11-05 06:00:00;43.73
2016-11-05 07:00:00;46.53
2016-11-05 08:00:00;50.83
2016-11-05 09:00:00;57
2016-11-05 10:00:00;59.6
2016-11-05 11:00:00;58
2016-11-05 12:00:00;55.21
2016-11-05 13:00:00;50.83
2016-11-05 14:00:00;46.65
2016-11-05 15:00:00;45.69
2016-11-05 16:00:00;45.76
2016-11-05 17:00:00;52.69
2016-11-05 18:00:00;59.2
2016-11-05 19:00:00;61.99
2016-11-05 20:00:00;58.11
2016-11-05 21:00:00;52.56
2016-11-05 22:00:00;49.46
2016-11-05 23:00:00;47.9
2016-11-06 00:00:00;44.8
2016-11-06 01:00:00;42.24
2016-11-06 02:00:00;38.43
2016-11-06 03:00:00;35.99
2016-11-06 04:00:00;30.1
2016-11-06 05:00:00;29.82
2016-11-06 06:00:00;30.89
2016-11-06 07:00:00;34.8
2016-11-06 08:00:00;33.81
2016-11-06 09:00:00;37.92
2016-11-06 10:00:00;42.75
2016-11-06 11:00:00;41.68
2016-11-06 12:00:00;42.55
2016-11-06 13:00:00;41.86
2016-11-06 14:00:00;37.33
2016-11-06 15:00:00;37
2016-11-06 16:00:00;39.5
2016-11-06 17:00:00;49.19
2016-11-06 18:00:00;64.3
2016-11-06 19:00:00;68.18
2016-11-06 20:00:00;65.69
2016-11-06 21:00:00;65.33
2016-11-06 22:00:00;61
2016-11-06 23:00:00;56.1
2016-11-07 00:00:00;49
2016-11-07 01:00:00;43.95
2016-11-07 02:00:00;42.55
2016-11-07 03:00:00;42.29
2016-11-07 04:00:00;42.24
2016-11-07 05:00:00;43.44
2016-11-07 06:00:00;60.69
2016-11-07 07:00:00;64.02
2016-11-07 08:00:00;66.81
2016-11-07 09:00:00;65
2016-11-07 10:00:00;64.69
2016-11-07 11:00:00;62.3
2016-11-07 12:00:00;61.6
2016-11-07 13:00:00;60.69
2016-11-07 14:00:00;58.76
2016-11-07 15:00:00;58.1
2016-11-07 16:00:00;58.1
2016-11-07 17:00:00;59.69
2016-11-07 18:00:00;63.05
2016-11-07 19:00:00;66.45
2016-11-07 20:00:00;66.6
2016-11-07 21:00:00;65
2016-11-07 22:00:00;59.98
2016-11-07 23:00:00;58.1
2016-11-08 00:00:00;51.84
2016-11-08 01:00:00;48.02
2016-11-08 02:00:00;45.44
2016-11-08 03:00:00;43.5
2016-11-08 04:00:00;43.23
2016-11-08 05:00:00;45.95
2016-11-08 06:00:00;57.35
2016-11-08 07:00:00;60.02
2016-11-08 08:00:00;63.1
2016-11-08 09:00:00;62.49
2016-11-08 10:00:00;61.75
2016-11-08 11:00:00;59.69
2016-11-08 12:00:00;58.24
2016-11-08 13:00:00;58.23
2016-11-08 14:00:00;54.4
2016-11-08 15:00:00;50.15
2016-11-08 16:00:00;50.55
2016-11-08 17:00:00;57.5
2016-11-08 18:00:00;61.19
2016-11-08 19:00:00;62.49
2016-11-08 20:00:00;63.41
2016-11-08 21:00:00;60
2016-11-08 22:00:00;54.71
2016-11-08 23:00:00;46
2016-11-09 00:00:00;41.91
2016-11-09 01:00:00;41.1
2016-11-09 02:00:00;38.9
2016-11-09 03:00:00;35.54
2016-11-09 04:00:00;35
2016-11-09 05:00:00;40.99
2016-11-09 06:00:00;42.11
2016-11-09 07:00:00;47.4
2016-11-09 08:00:00;55.24
2016-11-09 09:00:00;57.16
2016-11-09 10:00:00;57.16
2016-11-09 11:00:00;55.24
2016-11-09 12:00:00;56.62
2016-11-09 13:00:00;57
2016-11-09 14:00:00;53.71
2016-11-09 15:00:00;54
2016-11-09 16:00:00;55.67
2016-11-09 17:00:00;57.7
2016-11-09 18:00:00;61
2016-11-09 19:00:00;63.97
2016-11-09 20:00:00;65.49
2016-11-09 21:00:00;63.09
2016-11-09 22:00:00;59.69
2016-11-09 23:00:00;58.93
2016-11-10 00:00:00;56.59
2016-11-10 01:00:00;51.1
2016-11-10 02:00:00;47.94
2016-11-10 03:00:00;44.36
2016-11-10 04:00:00;44.66
2016-11-10 05:00:00;49.67
2016-11-10 06:00:00;59.69
2016-11-10 07:00:00;65.88
2016-11-10 08:00:00;67.49
2016-11-10 09:00:00;66.23
2016-11-10 10:00:00;65.48
2016-11-10 11:00:00;63.69
2016-11-10 12:00:00;63.58
2016-11-10 13:00:00;63.05
2016-11-10 14:00:00;59.69
2016-11-10 15:00:00;59.58
2016-11-10 16:00:00;59.69
2016-11-10 17:00:00;63.05
2016-11-10 18:00:00;68
2016-11-10 19:00:00;68.97
2016-11-10 20:00:00;69.51
2016-11-10 21:00:00;67.92
2016-11-10 22:00:00;61.06
2016-11-10 23:00:00;58.72
2016-11-11 00:00:00;59.58
2016-11-11 01:00:00;54.41
2016-11-11 02:00:00;48.69
2016-11-11 03:00:00;47.94
2016-11-11 04:00:00;47.34
2016-11-11 05:00:00;48.44
2016-11-11 06:00:00;55.24
2016-11-11 07:00:00;61.07
2016-11-11 08:00:00;68.05
2016-11-11 09:00:00;67.69
2016-11-11 10:00:00;67.64
2016-11-11 11:00:00;66.8
2016-11-11 12:00:00;63.7
2016-11-11 13:00:00;60.91
2016-11-11 14:00:00;63.27
2016-11-11 15:00:00;63.01
2016-11-11 16:00:00;64.26
2016-11-11 17:00:00;66.57
2016-11-11 18:00:00;68.56
2016-11-11 19:00:00;69.51
2016-11-11 20:00:00;68.96
2016-11-11 21:00:00;65.69
2016-11-11 22:00:00;63.45
2016-11-11 23:00:00;58.72
2016-11-12 00:00:00;61.69
2016-11-12 01:00:00;59.09
2016-11-12 02:00:00;57.57
2016-11-12 03:00:00;51.6
2016-11-12 04:00:00;49
2016-11-12 05:00:00;48.56
2016-11-12 06:00:00;49.03
2016-11-12 07:00:00;50.77
2016-11-12 08:00:00;56.37
2016-11-12 09:00:00;58.64
2016-11-12 10:00:00;58.64
2016-11-12 11:00:00;59.43
2016-11-12 12:00:00;63.05
2016-11-12 13:00:00;59.9
2016-11-12 14:00:00;60.81
2016-11-12 15:00:00;58.75
2016-11-12 16:00:00;60.17
2016-11-12 17:00:00;66.09
2016-11-12 18:00:00;67.79
2016-11-12 19:00:00;68.94
2016-11-12 20:00:00;67.01
2016-11-12 21:00:00;65.48
2016-11-12 22:00:00;63.05
2016-11-12 23:00:00;57.17
2016-11-13 00:00:00;59.58
2016-11-13 01:00:00;55.59
2016-11-13 02:00:00;49.1
2016-11-13 03:00:00;46.51
2016-11-13 04:00:00;45.01
2016-11-13 05:00:00;44.8
2016-11-13 06:00:00;44.51
2016-11-13 07:00:00;44.8
2016-11-13 08:00:00;44.44
2016-11-13 09:00:00;45.75
2016-11-13 10:00:00;53.68
2016-11-13 11:00:00;56.1
2016-11-13 12:00:00;55.72
2016-11-13 13:00:00;52.9
2016-11-13 14:00:00;47.64
2016-11-13 15:00:00;45.65
2016-11-13 16:00:00;45.51
2016-11-13 17:00:00;57.57
2016-11-13 18:00:00;64.17
2016-11-13 19:00:00;66.57
2016-11-13 20:00:00;65.5
2016-11-13 21:00:00;59.5
2016-11-13 22:00:00;58.23
2016-11-13 23:00:00;54.65
2016-11-14 00:00:00;49.21
2016-11-14 01:00:00;47.32
2016-11-14 02:00:00;43.51
2016-11-14 03:00:00;38.86
2016-11-14 04:00:00;36.45
2016-11-14 05:00:00;43.92
2016-11-14 06:00:00;47.94
2016-11-14 07:00:00;57.17
2016-11-14 08:00:00;60.69
2016-11-14 09:00:00;60
2016-11-14 10:00:00;59.56
2016-11-14 11:00:00;58.23
2016-11-14 12:00:00;57.57
2016-11-14 13:00:00;58.23
2016-11-14 14:00:00;57.57
2016-11-14 15:00:00;57.16
2016-11-14 16:00:00;57.23
2016-11-14 17:00:00;59.69
2016-11-14 18:00:00;65.2
2016-11-14 19:00:00;66.57
2016-11-14 20:00:00;65.94
2016-11-14 21:00:00;64.15
2016-11-14 22:00:00;58.36
2016-11-14 23:00:00;53.29
2016-11-15 00:00:00;49.44
2016-11-15 01:00:00;48.56
2016-11-15 02:00:00;47
2016-11-15 03:00:00;43.8
2016-11-15 04:00:00;43.71
2016-11-15 05:00:00;48.19
2016-11-15 06:00:00;57.57
2016-11-15 07:00:00;62.98
2016-11-15 08:00:00;65.48
2016-11-15 09:00:00;63.69
2016-11-15 10:00:00;63.65
2016-11-15 11:00:00;61.7
2016-11-15 12:00:00;63
2016-11-15 13:00:00;63.4
2016-11-15 14:00:00;61.2
2016-11-15 15:00:00;60.69
2016-11-15 16:00:00;60.69
2016-11-15 17:00:00;64.44
2016-11-15 18:00:00;68
2016-11-15 19:00:00;68.56
2016-11-15 20:00:00;68.69
2016-11-15 21:00:00;68.33
2016-11-15 22:00:00;65.69
2016-11-15 23:00:00;59.43
2016-11-16 00:00:00;57.57
2016-11-16 01:00:00;54.8
2016-11-16 02:00:00;49.23
2016-11-16 03:00:00;49.12
2016-11-16 04:00:00;49.39
2016-11-16 05:00:00;53.77
2016-11-16 06:00:00;66.6
2016-11-16 07:00:00;71.8
2016-11-16 08:00:00;70.15
2016-11-16 09:00:00;69
2016-11-16 10:00:00;68.56
2016-11-16 11:00:00;67.86
2016-11-16 12:00:00;66.5
2016-11-16 13:00:00;67.49
2016-11-16 14:00:00;67.78
2016-11-16 15:00:00;67.5
2016-11-16 16:00:00;67.49
2016-11-16 17:00:00;67.94
2016-11-16 18:00:00;69.9
2016-11-16 19:00:00;70.5
2016-11-16 20:00:00;70.5
2016-11-16 21:00:00;68
2016-11-16 22:00:00;60.56
2016-11-16 23:00:00;57
2016-11-17 00:00:00;65
2016-11-17 01:00:00;58.8
2016-11-17 02:00:00;56.17
2016-11-17 03:00:00;54
2016-11-17 04:00:00;51.4
2016-11-17 05:00:00;56
2016-11-17 06:00:00;60.9
2016-11-17 07:00:00;69
2016-11-17 08:00:00;69.53
2016-11-17 09:00:00;68.19
2016-11-17 10:00:00;67.49
2016-11-17 11:00:00;66.32
2016-11-17 12:00:00;63.32
2016-11-17 13:00:00;63.6
2016-11-17 14:00:00;63.01
2016-11-17 15:00:00;61.6
2016-11-17 16:00:00;60.07
2016-11-17 17:00:00;67.49
2016-11-17 18:00:00;68.72
2016-11-17 19:00:00;69.5
2016-11-17 20:00:00;67.19
2016-11-17 21:00:00;59.56
2016-11-17 22:00:00;56.44
2016-11-17 23:00:00;50.14
2016-11-18 00:00:00;53.7
2016-11-18 01:00:00;48.69
2016-11-18 02:00:00;44.09
2016-11-18 03:00:00;43.66
2016-11-18 04:00:00;43.11
2016-11-18 05:00:00;43.36
2016-11-18 06:00:00;49.67
2016-11-18 07:00:00;63.65
2016-11-18 08:00:00;67.82
2016-11-18 09:00:00;67.3
2016-11-18 10:00:00;67
2016-11-18 11:00:00;66.57
2016-11-18 12:00:00;63.32
2016-11-18 13:00:00;63.05
2016-11-18 14:00:00;61.82
2016-11-18 15:00:00;59.32
2016-11-18 16:00:00;59.28
2016-11-18 17:00:00;66.3
2016-11-18 18:00:00;67.9
2016-11-18 19:00:00;67.89
2016-11-18 20:00:00;64.33
2016-11-18 21:00:00;59
2016-11-18 22:00:00;57.57
2016-11-18 23:00:00;50.77
2016-11-19 00:00:00;59.5
2016-11-19 01:00:00;56.1
2016-11-19 02:00:00;49.44
2016-11-19 03:00:00;48.54
2016-11-19 04:00:00;48.39
2016-11-19 05:00:00;48.19
2016-11-19 06:00:00;48.4
2016-11-19 07:00:00;52.2
2016-11-19 08:00:00;56.08
2016-11-19 09:00:00;60
2016-11-19 10:00:00;63
2016-11-19 11:00:00;59.29
2016-11-19 12:00:00;57.16
2016-11-19 13:00:00;55.44
2016-11-19 14:00:00;50
2016-11-19 15:00:00;46.94
2016-11-19 16:00:00;46.98
2016-11-19 17:00:00;56.08
2016-11-19 18:00:00;59
2016-11-19 19:00:00;58.78
2016-11-19 20:00:00;56
2016-11-19 21:00:00;49.62
2016-11-19 22:00:00;48.4
2016-11-19 23:00:00;45.34
2016-11-20 00:00:00;44.7
2016-11-20 01:00:00;42.11
2016-11-20 02:00:00;34.96
2016-11-20 03:00:00;29.99
2016-11-20 04:00:00;25
2016-11-20 05:00:00;25.99
2016-11-20 06:00:00;29.9
2016-11-20 07:00:00;32
2016-11-20 08:00:00;33.78
2016-11-20 09:00:00;41.11
2016-11-20 10:00:00;43.11
2016-11-20 11:00:00;44.11
2016-11-20 12:00:00;44.9
2016-11-20 13:00:00;44.09
2016-11-20 14:00:00;42.11
2016-11-20 15:00:00;36.4
2016-11-20 16:00:00;34.99
2016-11-20 17:00:00;44.09
2016-11-20 18:00:00;50
2016-11-20 19:00:00;55
2016-11-20 20:00:00;51.67
2016-11-20 21:00:00;51
2016-11-20 22:00:00;49.84
2016-11-20 23:00:00;44.9
2016-11-21 00:00:00;18.47
2016-11-21 01:00:00;12.99
2016-11-21 02:00:00;13.68
2016-11-21 03:00:00;14.58
2016-11-21 04:00:00;10.88
2016-11-21 05:00:00;20
2016-11-21 06:00:00;35
2016-11-21 07:00:00;46.4
2016-11-21 08:00:00;49.4
2016-11-21 09:00:00;48.04
2016-11-21 10:00:00;48.7
2016-11-21 11:00:00;48.7
2016-11-21 12:00:00;48.29
2016-11-21 13:00:00;48.5
2016-11-21 14:00:00;48.7
2016-11-21 15:00:00;48.1
2016-11-21 16:00:00;50
2016-11-21 17:00:00;57.57
2016-11-21 18:00:00;66
2016-11-21 19:00:00;67
2016-11-21 20:00:00;67.49
2016-11-21 21:00:00;67.49
2016-11-21 22:00:00;64.1
2016-11-21 23:00:00;59.7
2016-11-22 00:00:00;58.94
2016-11-22 01:00:00;57.13
2016-11-22 02:00:00;55.5
2016-11-22 03:00:00;55.59
2016-11-22 04:00:00;55.59
2016-11-22 05:00:00;57.13
2016-11-22 06:00:00;60.44
2016-11-22 07:00:00;65.48
2016-11-22 08:00:00;68.23
2016-11-22 09:00:00;67.3
2016-11-22 10:00:00;66.6
2016-11-22 11:00:00;66.9
2016-11-22 12:00:00;65.48
2016-11-22 13:00:00;66.32
2016-11-22 14:00:00;65.5
2016-11-22 15:00:00;64.46
2016-11-22 16:00:00;65
2016-11-22 17:00:00;66
2016-11-22 18:00:00;67.49
2016-11-22 19:00:00;67.02
2016-11-22 20:00:00;66.41
2016-11-22 21:00:00;64.58
2016-11-22 22:00:00;59
2016-11-22 23:00:00;53.88
2016-11-23 00:00:00;55.95
2016-11-23 01:00:00;47.99
2016-11-23 02:00:00;44.56
2016-11-23 03:00:00;44
2016-11-23 04:00:00;43.19
2016-11-23 05:00:00;43.71
2016-11-23 06:00:00;46.98
2016-11-23 07:00:00;62.05
2016-11-23 08:00:00;63.76
2016-11-23 09:00:00;64.1
2016-11-23 10:00:00;63.53
2016-11-23 11:00:00;62.99
2016-11-23 12:00:00;59.07
2016-11-23 13:00:00;58.98
2016-11-23 14:00:00;58.5
2016-11-23 15:00:00;58.93
2016-11-23 16:00:00;59
2016-11-23 17:00:00;64.38
2016-11-23 18:00:00;66.9
2016-11-23 19:00:00;65.65
2016-11-23 20:00:00;65.48
2016-11-23 21:00:00;63.48
2016-11-23 22:00:00;58.6
2016-11-23 23:00:00;57.1
2016-11-24 00:00:00;52
2016-11-24 01:00:00;46.98
2016-11-24 02:00:00;44.75
2016-11-24 03:00:00;44.58
2016-11-24 04:00:00;44.58
2016-11-24 05:00:00;44.83
2016-11-24 06:00:00;50.99
2016-11-24 07:00:00;63.79
2016-11-24 08:00:00;65.48
2016-11-24 09:00:00;63.02
2016-11-24 10:00:00;61.84
2016-11-24 11:00:00;59.52
2016-11-24 12:00:00;57.6
2016-11-24 13:00:00;57.57
2016-11-24 14:00:00;56
2016-11-24 15:00:00;56.89
2016-11-24 16:00:00;58.12
2016-11-24 17:00:00;62.13
2016-11-24 18:00:00;67.5
2016-11-24 19:00:00;65.56
2016-11-24 20:00:00;65.48
2016-11-24 21:00:00;61.88
2016-11-24 22:00:00;57.58
2016-11-24 23:00:00;52
2016-11-25 00:00:00;48
2016-11-25 01:00:00;44.14
2016-11-25 02:00:00;42.95
2016-11-25 03:00:00;42.49
2016-11-25 04:00:00;42.49
2016-11-25 05:00:00;43.09
2016-11-25 06:00:00;46.22
2016-11-25 07:00:00;59.9
2016-11-25 08:00:00;64.99
2016-11-25 09:00:00;63.2
2016-11-25 10:00:00;62.02
2016-11-25 11:00:00;60.5
2016-11-25 12:00:00;59.98
2016-11-25 13:00:00;60.07
2016-11-25 14:00:00;59
2016-11-25 15:00:00;59
2016-11-25 16:00:00;60
2016-11-25 17:00:00;64.5
2016-11-25 18:00:00;67
2016-11-25 19:00:00;65.01
2016-11-25 20:00:00;61.88
2016-11-25 21:00:00;58.78
2016-11-25 22:00:00;52
2016-11-25 23:00:00;46.68
2016-11-26 00:00:00;44.42
2016-11-26 01:00:00;43
2016-11-26 02:00:00;40.86
2016-11-26 03:00:00;38.31
2016-11-26 04:00:00;37.9
2016-11-26 05:00:00;37.87
2016-11-26 06:00:00;38.29
2016-11-26 07:00:00;42.22
2016-11-26 08:00:00;44.1
2016-11-26 09:00:00;46.76
2016-11-26 10:00:00;48.92
2016-11-26 11:00:00;48.56
2016-11-26 12:00:00;47.99
2016-11-26 13:00:00;49.7
2016-11-26 14:00:00;51.82
2016-11-26 15:00:00;47.52
2016-11-26 16:00:00;46.31
2016-11-26 17:00:00;51.21
2016-11-26 18:00:00;61.86
2016-11-26 19:00:00;62.48
2016-11-26 20:00:00;62.48
2016-11-26 21:00:00;61.99
2016-11-26 22:00:00;57.26
2016-11-26 23:00:00;49
2016-11-27 00:00:00;46.82
2016-11-27 01:00:00;44.81
2016-11-27 02:00:00;43.71
2016-11-27 03:00:00;43.1
2016-11-27 04:00:00;42.66
2016-11-27 05:00:00;42.7
2016-11-27 06:00:00;43.01
2016-11-27 07:00:00;43.21
2016-11-27 08:00:00;43.49
2016-11-27 09:00:00;44.81
2016-11-27 10:00:00;46.51
2016-11-27 11:00:00;52.71
2016-11-27 12:00:00;49.68
2016-11-27 13:00:00;57.26
2016-11-27 14:00:00;57.26
2016-11-27 15:00:00;47.69
2016-11-27 16:00:00;46.13
2016-11-27 17:00:00;49.93
2016-11-27 18:00:00;60.44
2016-11-27 19:00:00;64.99
2016-11-27 20:00:00;66.06
2016-11-27 21:00:00;67
2016-11-27 22:00:00;64.99
2016-11-27 23:00:00;59.07
2016-11-28 00:00:00;54.01
2016-11-28 01:00:00;47.28
2016-11-28 02:00:00;45.79
2016-11-28 03:00:00;45.15
2016-11-28 04:00:00;45.14
2016-11-28 05:00:00;46.51
2016-11-28 06:00:00;57.26
2016-11-28 07:00:00;67.85
2016-11-28 08:00:00;69.95
2016-11-28 09:00:00;67.27
2016-11-28 10:00:00;66.57
2016-11-28 11:00:00;64.65
2016-11-28 12:00:00;64.84
2016-11-28 13:00:00;65.3
2016-11-28 14:00:00;65.67
2016-11-28 15:00:00;64.99
2016-11-28 16:00:00;66.5
2016-11-28 17:00:00;70.78
2016-11-28 18:00:00;73.87
2016-11-28 19:00:00;73.17
2016-11-28 20:00:00;70.5
2016-11-28 21:00:00;69.28
2016-11-28 22:00:00;64.84
2016-11-28 23:00:00;62.79
2016-11-29 00:00:00;64.99
2016-11-29 01:00:00;62.15
2016-11-29 02:00:00;58.69
2016-11-29 03:00:00;57.71
2016-11-29 04:00:00;57
2016-11-29 05:00:00;56.17
2016-11-29 06:00:00;61.9
2016-11-29 07:00:00;69.24
2016-11-29 08:00:00;71.71
2016-11-29 09:00:00;70.64
2016-11-29 10:00:00;70
2016-11-29 11:00:00;69.98
2016-11-29 12:00:00;67.7
2016-11-29 13:00:00;67.5
2016-11-29 14:00:00;68.55
2016-11-29 15:00:00;68.25
2016-11-29 16:00:00;66.73
2016-11-29 17:00:00;68.33
2016-11-29 18:00:00;70.15
2016-11-29 19:00:00;70.15
2016-11-29 20:00:00;69.75
2016-11-29 21:00:00;64.84
2016-11-29 22:00:00;61.05
2016-11-29 23:00:00;55.82
2016-11-30 00:00:00;53
2016-11-30 01:00:00;46.69
2016-11-30 02:00:00;44.91
2016-11-30 03:00:00;44.66
2016-11-30 04:00:00;44.4
2016-11-30 05:00:00;44.66
2016-11-30 06:00:00;46.67
2016-11-30 07:00:00;58.23
2016-11-30 08:00:00;62.48
2016-11-30 09:00:00;61.88
2016-11-30 10:00:00;61.32
2016-11-30 11:00:00;59.58
2016-11-30 12:00:00;59.46
2016-11-30 13:00:00;59.58
2016-11-30 14:00:00;58.26
2016-11-30 15:00:00;58.9
2016-11-30 16:00:00;59.52
2016-11-30 17:00:00;61.79
2016-11-30 18:00:00;66.69
2016-11-30 19:00:00;68.33
2016-11-30 20:00:00;68.55
2016-11-30 21:00:00;66.89
2016-11-30 22:00:00;61.03
2016-11-30 23:00:00;57.71
2016-12-01 00:00:00;58.23
2016-12-01 01:00:00;55
2016-12-01 02:00:00;51.44
2016-12-01 03:00:00;50.39
2016-12-01 04:00:00;50.39
2016-12-01 05:00:00;53.5
2016-12-01 06:00:00;58.26
2016-12-01 07:00:00;64.99
2016-12-01 08:00:00;68.33
2016-12-01 09:00:00;66.64
2016-12-01 10:00:00;68
2016-12-01 11:00:00;67.84
2016-12-01 12:00:00;68.25
2016-12-01 13:00:00;68.84
2016-12-01 14:00:00;68.56
2016-12-01 15:00:00;68.33
2016-12-01 16:00:00;68.25
2016-12-01 17:00:00;68.84
2016-12-01 18:00:00;72.01
2016-12-01 19:00:00;72.61
2016-12-01 20:00:00;72.69
2016-12-01 21:00:00;72.01
2016-12-01 22:00:00;69.65
2016-12-01 23:00:00;68.42
2016-12-02 00:00:00;69.28
2016-12-02 01:00:00;66.6
2016-12-02 02:00:00;62.48
2016-12-02 03:00:00;55.73
2016-12-02 04:00:00;55.23
2016-12-02 05:00:00;61.19
2016-12-02 06:00:00;67.6
2016-12-02 07:00:00;69.63
2016-12-02 08:00:00;71.61
2016-12-02 09:00:00;69.41
2016-12-02 10:00:00;69.25
2016-12-02 11:00:00;68.25
2016-12-02 12:00:00;67.44
2016-12-02 13:00:00;67.78
2016-12-02 14:00:00;66.7
2016-12-02 15:00:00;67.83
2016-12-02 16:00:00;68.56
2016-12-02 17:00:00;68.81
2016-12-02 18:00:00;70
2016-12-02 19:00:00;70
2016-12-02 20:00:00;69.69
2016-12-02 21:00:00;65
2016-12-02 22:00:00;63.98
2016-12-02 23:00:00;62.18
2016-12-03 00:00:00;68.41
2016-12-03 01:00:00;59.36
2016-12-03 02:00:00;51.1
2016-12-03 03:00:00;50
2016-12-03 04:00:00;49.5
2016-12-03 05:00:00;49.18
2016-12-03 06:00:00;50
2016-12-03 07:00:00;53
2016-12-03 08:00:00;58.41
2016-12-03 09:00:00;62.2
2016-12-03 10:00:00;66.57
2016-12-03 11:00:00;59.58
2016-12-03 12:00:00;60.23
2016-12-03 13:00:00;57.71
2016-12-03 14:00:00;52.2
2016-12-03 15:00:00;50.33
2016-12-03 16:00:00;52
2016-12-03 17:00:00;60.07
2016-12-03 18:00:00;67.08
2016-12-03 19:00:00;68.33
2016-12-03 20:00:00;61.23
2016-12-03 21:00:00;54.81
2016-12-03 22:00:00;53
2016-12-03 23:00:00;50.1
2016-12-04 00:00:00;48.73
2016-12-04 01:00:00;44.41
2016-12-04 02:00:00;42.37
2016-12-04 03:00:00;36.35
2016-12-04 04:00:00;35.2
2016-12-04 05:00:00;35.38
2016-12-04 06:00:00;36.52
2016-12-04 07:00:00;41.55
2016-12-04 08:00:00;42.37
2016-12-04 09:00:00;44.25
2016-12-04 10:00:00;46.77
2016-12-04 11:00:00;48
2016-12-04 12:00:00;48.1
2016-12-04 13:00:00;49.6
2016-12-04 14:00:00;49.81
2016-12-04 15:00:00;49.33
2016-12-04 16:00:00;47.97
2016-12-04 17:00:00;50.1
2016-12-04 18:00:00;58.23
2016-12-04 19:00:00;60.64
2016-12-04 20:00:00;63.05
2016-12-04 21:00:00;64.99
2016-12-04 22:00:00;61.69
2016-12-04 23:00:00;55
2016-12-05 00:00:00;49.57
2016-12-05 01:00:00;44.81
2016-12-05 02:00:00;44.06
2016-12-05 03:00:00;44
2016-12-05 04:00:00;43.61
2016-12-05 05:00:00;44.25
2016-12-05 06:00:00;53
2016-12-05 07:00:00;66.57
2016-12-05 08:00:00;68.56
2016-12-05 09:00:00;67.63
2016-12-05 10:00:00;68.31
2016-12-05 11:00:00;66.57
2016-12-05 12:00:00;65.02
2016-12-05 13:00:00;63.2
2016-12-05 14:00:00;63.67
2016-12-05 15:00:00;66
2016-12-05 16:00:00;67.63
2016-12-05 17:00:00;68.56
2016-12-05 18:00:00;70.59
2016-12-05 19:00:00;71.71
2016-12-05 20:00:00;70.15
2016-12-05 21:00:00;65.76
2016-12-05 22:00:00;63.69
2016-12-05 23:00:00;62.42
2016-12-06 00:00:00;63.69
2016-12-06 01:00:00;60.23
2016-12-06 02:00:00;57.71
2016-12-06 03:00:00;53.15
2016-12-06 04:00:00;51.97
2016-12-06 05:00:00;52.2
2016-12-06 06:00:00;61.91
2016-12-06 07:00:00;66.43
2016-12-06 08:00:00;64.99
2016-12-06 09:00:00;65.31
2016-12-06 10:00:00;67
2016-12-06 11:00:00;66.91
2016-12-06 12:00:00;65.61
2016-12-06 13:00:00;65.42
2016-12-06 14:00:00;66.1
2016-12-06 15:00:00;66.57
2016-12-06 16:00:00;66.57
2016-12-06 17:00:00;68.37
2016-12-06 18:00:00;71.71
2016-12-06 19:00:00;72.88
2016-12-06 20:00:00;70.21
2016-12-06 21:00:00;66
2016-12-06 22:00:00;65.26
2016-12-06 23:00:00;62.1
2016-12-07 00:00:00;64.99
2016-12-07 01:00:00;59.58
2016-12-07 02:00:00;52.2
2016-12-07 03:00:00;50.19
2016-12-07 04:00:00;50.19
2016-12-07 05:00:00;52
2016-12-07 06:00:00;59.58
2016-12-07 07:00:00;69.94
2016-12-07 08:00:00;70
2016-12-07 09:00:00;69.08
2016-12-07 10:00:00;68.33
2016-12-07 11:00:00;66.05
2016-12-07 12:00:00;65
2016-12-07 13:00:00;64.99
2016-12-07 14:00:00;64.1
2016-12-07 15:00:00;63.1
2016-12-07 16:00:00;65.08
2016-12-07 17:00:00;69.46
2016-12-07 18:00:00;71.01
2016-12-07 19:00:00;70
2016-12-07 20:00:00;68.22
2016-12-07 21:00:00;64.99
2016-12-07 22:00:00;58.98
2016-12-07 23:00:00;56.79
2016-12-08 00:00:00;54.69
2016-12-08 01:00:00;49.92
2016-12-08 02:00:00;46.35
2016-12-08 03:00:00;44.3
2016-12-08 04:00:00;44.06
2016-12-08 05:00:00;44.98
2016-12-08 06:00:00;49.96
2016-12-08 07:00:00;57.71
2016-12-08 08:00:00;59.2
2016-12-08 09:00:00;57.71
2016-12-08 10:00:00;57.22
2016-12-08 11:00:00;55.06
2016-12-08 12:00:00;52.86
2016-12-08 13:00:00;52.2
2016-12-08 14:00:00;51.03
2016-12-08 15:00:00;50.14
2016-12-08 16:00:00;51.63
2016-12-08 17:00:00;60
2016-12-08 18:00:00;68.02
2016-12-08 19:00:00;66.55
2016-12-08 20:00:00;63.03
2016-12-08 21:00:00;58.12
2016-12-08 22:00:00;55.95
2016-12-08 23:00:00;51.54
2016-12-09 00:00:00;49.25
2016-12-09 01:00:00;47.08
2016-12-09 02:00:00;44.99
2016-12-09 03:00:00;44.06
2016-12-09 04:00:00;41.84
2016-12-09 05:00:00;44.99
2016-12-09 06:00:00;50
2016-12-09 07:00:00;60.37
2016-12-09 08:00:00;62.51
2016-12-09 09:00:00;62.48
2016-12-09 10:00:00;60.7
2016-12-09 11:00:00;58.23
2016-12-09 12:00:00;55.34
2016-12-09 13:00:00;55.04
2016-12-09 14:00:00;55.07
2016-12-09 15:00:00;55.98
2016-12-09 16:00:00;56.35
2016-12-09 17:00:00;66
2016-12-09 18:00:00;68.33
2016-12-09 19:00:00;66
2016-12-09 20:00:00;62.69
2016-12-09 21:00:00;60.7
2016-12-09 22:00:00;57.1
2016-12-09 23:00:00;52.95
2016-12-10 00:00:00;53
2016-12-10 01:00:00;48.69
2016-12-10 02:00:00;46.72
2016-12-10 03:00:00;45.25
2016-12-10 04:00:00;44.75
2016-12-10 05:00:00;44.95
2016-12-10 06:00:00;46.4
2016-12-10 07:00:00;50.6
2016-12-10 08:00:00;54.29
2016-12-10 09:00:00;59.26
2016-12-10 10:00:00;62.48
2016-12-10 11:00:00;62.1
2016-12-10 12:00:00;60.15
2016-12-10 13:00:00;61.19
2016-12-10 14:00:00;60.98
2016-12-10 15:00:00;59.7
2016-12-10 16:00:00;60.07
2016-12-10 17:00:00;62.51
2016-12-10 18:00:00;67.9
2016-12-10 19:00:00;68.33
2016-12-10 20:00:00;68.56
2016-12-10 21:00:00;68.1
2016-12-10 22:00:00;66.69
2016-12-10 23:00:00;63.72
2016-12-11 00:00:00;65
2016-12-11 01:00:00;62.39
2016-12-11 02:00:00;58.23
2016-12-11 03:00:00;54.69
2016-12-11 04:00:00;51.5
2016-12-11 05:00:00;51.49
2016-12-11 06:00:00;48.55
2016-12-11 07:00:00;51.68
2016-12-11 08:00:00;53.35
2016-12-11 09:00:00;58.58
2016-12-11 10:00:00;62.48
2016-12-11 11:00:00;62.69
2016-12-11 12:00:00;62.51
2016-12-11 13:00:00;63.65
2016-12-11 14:00:00;62.55
2016-12-11 15:00:00;60.15
2016-12-11 16:00:00;60
2016-12-11 17:00:00;63.1
2016-12-11 18:00:00;68.36
2016-12-11 19:00:00;70
2016-12-11 20:00:00;68.89
2016-12-11 21:00:00;68.75
2016-12-11 22:00:00;67.5
2016-12-11 23:00:00;64.2
2016-12-12 00:00:00;62.5
2016-12-12 01:00:00;57.06
2016-12-12 02:00:00;50.3
2016-12-12 03:00:00;49
2016-12-12 04:00:00;48.5
2016-12-12 05:00:00;50
2016-12-12 06:00:00;59.01
2016-12-12 07:00:00;68.69
2016-12-12 08:00:00;71.69
2016-12-12 09:00:00;70.15
2016-12-12 10:00:00;70.15
2016-12-12 11:00:00;68.89
2016-12-12 12:00:00;68.79
2016-12-12 13:00:00;68.33
2016-12-12 14:00:00;67.83
2016-12-12 15:00:00;68.33
2016-12-12 16:00:00;69.3
2016-12-12 17:00:00;70.21
2016-12-12 18:00:00;73.6
2016-12-12 19:00:00;74.11
2016-12-12 20:00:00;74.11
2016-12-12 21:00:00;68.75
2016-12-12 22:00:00;66.69
2016-12-12 23:00:00;64.81
2016-12-13 00:00:00;68.75
2016-12-13 01:00:00;64.99
2016-12-13 02:00:00;60.51
2016-12-13 03:00:00;59.26
2016-12-13 04:00:00;57.5
2016-12-13 05:00:00;57.77
2016-12-13 06:00:00;60.23
2016-12-13 07:00:00;70.51
2016-12-13 08:00:00;71.69
2016-12-13 09:00:00;71.79
2016-12-13 10:00:00;70.99
2016-12-13 11:00:00;70
2016-12-13 12:00:00;68.75
2016-12-13 13:00:00;67.06
2016-12-13 14:00:00;68.22
2016-12-13 15:00:00;68.33
2016-12-13 16:00:00;68.75
2016-12-13 17:00:00;69.7
2016-12-13 18:00:00;70.99
2016-12-13 19:00:00;71.1
2016-12-13 20:00:00;69.43
2016-12-13 21:00:00;65.37
2016-12-13 22:00:00;63.37
2016-12-13 23:00:00;60.15
2016-12-14 00:00:00;57.3
2016-12-14 01:00:00;51.1
2016-12-14 02:00:00;48.98
2016-12-14 03:00:00;46.01
2016-12-14 04:00:00;45.52
2016-12-14 05:00:00;49.5
2016-12-14 06:00:00;58.07
2016-12-14 07:00:00;69.61
2016-12-14 08:00:00;71.59
2016-12-14 09:00:00;72.22
2016-12-14 10:00:00;71.1
2016-12-14 11:00:00;70.69
2016-12-14 12:00:00;70.15
2016-12-14 13:00:00;69.91
2016-12-14 14:00:00;69.69
2016-12-14 15:00:00;69.46
2016-12-14 16:00:00;69.46
2016-12-14 17:00:00;70
2016-12-14 18:00:00;72.22
2016-12-14 19:00:00;73.87
2016-12-14 20:00:00;71.2
2016-12-14 21:00:00;67.15
2016-12-14 22:00:00;63.65
2016-12-14 23:00:00;62.45
2016-12-15 00:00:00;66.61
2016-12-15 01:00:00;60.07
2016-12-15 02:00:00;55.55
2016-12-15 03:00:00;52.01
2016-12-15 04:00:00;51.68
2016-12-15 05:00:00;56.13
2016-12-15 06:00:00;66.62
2016-12-15 07:00:00;71.69
2016-12-15 08:00:00;73.51
2016-12-15 09:00:00;73.87
2016-12-15 10:00:00;73.91
2016-12-15 11:00:00;73.53
2016-12-15 12:00:00;71.9
2016-12-15 13:00:00;70.81
2016-12-15 14:00:00;70.15
2016-12-15 15:00:00;70.06
2016-12-15 16:00:00;69.69
2016-12-15 17:00:00;70.1
2016-12-15 18:00:00;73.01
2016-12-15 19:00:00;73.61
2016-12-15 20:00:00;70.15
2016-12-15 21:00:00;64.44
2016-12-15 22:00:00;65
2016-12-15 23:00:00;62.04
2016-12-16 00:00:00;55.57
2016-12-16 01:00:00;50.81
2016-12-16 02:00:00;50
2016-12-16 03:00:00;48.6
2016-12-16 04:00:00;47.93
2016-12-16 05:00:00;50.28
2016-12-16 06:00:00;58.13
2016-12-16 07:00:00;69.22
2016-12-16 08:00:00;74.9
2016-12-16 09:00:00;73.91
2016-12-16 10:00:00;72.88
2016-12-16 11:00:00;70.1
2016-12-16 12:00:00;66.84
2016-12-16 13:00:00;66.84
2016-12-16 14:00:00;64.88
2016-12-16 15:00:00;65.1
2016-12-16 16:00:00;69.46
2016-12-16 17:00:00;73.31
2016-12-16 18:00:00;75.5
2016-12-16 19:00:00;71.71
2016-12-16 20:00:00;67.15
2016-12-16 21:00:00;66.84
2016-12-16 22:00:00;62.48
2016-12-16 23:00:00;61.63
2016-12-17 00:00:00;59.52
2016-12-17 01:00:00;50.68
2016-12-17 02:00:00;49.2
2016-12-17 03:00:00;45.78
2016-12-17 04:00:00;44.5
2016-12-17 05:00:00;44.2
2016-12-17 06:00:00;46.11
2016-12-17 07:00:00;49.63
2016-12-17 08:00:00;55.23
2016-12-17 09:00:00;57.02
2016-12-17 10:00:00;59.83
2016-12-17 11:00:00;58.23
2016-12-17 12:00:00;57.71
2016-12-17 13:00:00;58.29
2016-12-17 14:00:00;58.12
2016-12-17 15:00:00;50.68
2016-12-17 16:00:00;54.8
2016-12-17 17:00:00;61.01
2016-12-17 18:00:00;68.1
2016-12-17 19:00:00;69.28
2016-12-17 20:00:00;62.51
2016-12-17 21:00:00;62.51
2016-12-17 22:00:00;58.29
2016-12-17 23:00:00;53.93
2016-12-18 00:00:00;49
2016-12-18 01:00:00;47
2016-12-18 02:00:00;43.95
2016-12-18 03:00:00;42.72
2016-12-18 04:00:00;42.15
2016-12-18 05:00:00;42.48
2016-12-18 06:00:00;42.96
2016-12-18 07:00:00;43.22
2016-12-18 08:00:00;44.33
2016-12-18 09:00:00;46.13
2016-12-18 10:00:00;51.41
2016-12-18 11:00:00;52.29
2016-12-18 12:00:00;52
2016-12-18 13:00:00;57.71
2016-12-18 14:00:00;58.23
2016-12-18 15:00:00;52.77
2016-12-18 16:00:00;52.57
2016-12-18 17:00:00;59.58
2016-12-18 18:00:00;67.48
2016-12-18 19:00:00;70.01
2016-12-18 20:00:00;69.49
2016-12-18 21:00:00;70
2016-12-18 22:00:00;68.33
2016-12-18 23:00:00;61.7
2016-12-19 00:00:00;55.94
2016-12-19 01:00:00;48.8
2016-12-19 02:00:00;46.66
2016-12-19 03:00:00;44.45
2016-12-19 04:00:00;44.45
2016-12-19 05:00:00;47.3
2016-12-19 06:00:00;57.5
2016-12-19 07:00:00;71.27
2016-12-19 08:00:00;73.49
2016-12-19 09:00:00;71.51
2016-12-19 10:00:00;71.1
2016-12-19 11:00:00;71.48
2016-12-19 12:00:00;71.2
2016-12-19 13:00:00;71.48
2016-12-19 14:00:00;70.69
2016-12-19 15:00:00;70.15
2016-12-19 16:00:00;69.24
2016-12-19 17:00:00;70.15
2016-12-19 18:00:00;71.65
2016-12-19 19:00:00;72.25
2016-12-19 20:00:00;72.35
2016-12-19 21:00:00;69.44
2016-12-19 22:00:00;67.88
2016-12-19 23:00:00;66.16
2016-12-20 00:00:00;62.4
2016-12-20 01:00:00;54.23
2016-12-20 02:00:00;51.56
2016-12-20 03:00:00;50.05
2016-12-20 04:00:00;48.62
2016-12-20 05:00:00;51.35
2016-12-20 06:00:00;59.58
2016-12-20 07:00:00;69.26
2016-12-20 08:00:00;71.5
2016-12-20 09:00:00;71.1
2016-12-20 10:00:00;70.69
2016-12-20 11:00:00;70.19
2016-12-20 12:00:00;69.59
2016-12-20 13:00:00;69.29
2016-12-20 14:00:00;68.11
2016-12-20 15:00:00;66.61
2016-12-20 16:00:00;66.96
2016-12-20 17:00:00;68.56
2016-12-20 18:00:00;70.95
2016-12-20 19:00:00;71.59
2016-12-20 20:00:00;70.69
2016-12-20 21:00:00;68.75
2016-12-20 22:00:00;66.16
2016-12-20 23:00:00;62.51
2016-12-21 00:00:00;58.65
2016-12-21 01:00:00;53.93
2016-12-21 02:00:00;50.23
2016-12-21 03:00:00;48.81
2016-12-21 04:00:00;47.12
2016-12-21 05:00:00;49.2
2016-12-21 06:00:00;58.23
2016-12-21 07:00:00;67.49
2016-12-21 08:00:00;70.15
2016-12-21 09:00:00;70.69
2016-12-21 10:00:00;70.2
2016-12-21 11:00:00;69.2
2016-12-21 12:00:00;67.53
2016-12-21 13:00:00;67.49
2016-12-21 14:00:00;67.23
2016-12-21 15:00:00;67.23
2016-12-21 16:00:00;68.75
2016-12-21 17:00:00;72.69
2016-12-21 18:00:00;75
2016-12-21 19:00:00;75
2016-12-21 20:00:00;72.69
2016-12-21 21:00:00;69.9
2016-12-21 22:00:00;67.88
2016-12-21 23:00:00;66.18
2016-12-22 00:00:00;67.59
2016-12-22 01:00:00;59.29
2016-12-22 02:00:00;52.3
2016-12-22 03:00:00;50.97
2016-12-22 04:00:00;50.76
2016-12-22 05:00:00;51.36
2016-12-22 06:00:00;57.71
2016-12-22 07:00:00;70.2
2016-12-22 08:00:00;72.44
2016-12-22 09:00:00;72.65
2016-12-22 10:00:00;71.42
2016-12-22 11:00:00;70.69
2016-12-22 12:00:00;68.5
2016-12-22 13:00:00;68.49
2016-12-22 14:00:00;68.5
2016-12-22 15:00:00;68.14
2016-12-22 16:00:00;68.7
2016-12-22 17:00:00;72.65
2016-12-22 18:00:00;74.69
2016-12-22 19:00:00;74.69
2016-12-22 20:00:00;72.69
2016-12-22 21:00:00;70.95
2016-12-22 22:00:00;69.08
2016-12-22 23:00:00;67
2016-12-23 00:00:00;68.56
2016-12-23 01:00:00;60.15
2016-12-23 02:00:00;53.75
2016-12-23 03:00:00;50.29
2016-12-23 04:00:00;50.29
2016-12-23 05:00:00;50.29
2016-12-23 06:00:00;57.71
2016-12-23 07:00:00;69.05
2016-12-23 08:00:00;70.53
2016-12-23 09:00:00;70.51
2016-12-23 10:00:00;70.15
2016-12-23 11:00:00;69.19
2016-12-23 12:00:00;68.56
2016-12-23 13:00:00;68.56
2016-12-23 14:00:00;67.7
2016-12-23 15:00:00;66.55
2016-12-23 16:00:00;67.48
2016-12-23 17:00:00;68.5
2016-12-23 18:00:00;70.15
2016-12-23 19:00:00;70.05
2016-12-23 20:00:00;69.99
2016-12-23 21:00:00;69.99
2016-12-23 22:00:00;68.11
2016-12-23 23:00:00;66.1
2016-12-24 00:00:00;64.5
2016-12-24 01:00:00;52.79
2016-12-24 02:00:00;47.85
2016-12-24 03:00:00;45.76
2016-12-24 04:00:00;44.82
2016-12-24 05:00:00;44.69
2016-12-24 06:00:00;45.98
2016-12-24 07:00:00;48.93
2016-12-24 08:00:00;50.73
2016-12-24 09:00:00;59.9
2016-12-24 10:00:00;65
2016-12-24 11:00:00;62.4
2016-12-24 12:00:00;60.1
2016-12-24 13:00:00;60.15
2016-12-24 14:00:00;58.29
2016-12-24 15:00:00;52.37
2016-12-24 16:00:00;51.68
2016-12-24 17:00:00;58.75
2016-12-24 18:00:00;67.48
2016-12-24 19:00:00;69.1
2016-12-24 20:00:00;68.69
2016-12-24 21:00:00;67.6
2016-12-24 22:00:00;60.15
2016-12-24 23:00:00;57.71
2016-12-25 00:00:00;48.82
2016-12-25 01:00:00;45.51
2016-12-25 02:00:00;41.27
2016-12-25 03:00:00;40
2016-12-25 04:00:00;39.11
2016-12-25 05:00:00;39.41
2016-12-25 06:00:00;39.85
2016-12-25 07:00:00;40
2016-12-25 08:00:00;40.35
2016-12-25 09:00:00;41.98
2016-12-25 10:00:00;45.98
2016-12-25 11:00:00;47.37
2016-12-25 12:00:00;47.51
2016-12-25 13:00:00;47.85
2016-12-25 14:00:00;47.85
2016-12-25 15:00:00;45.76
2016-12-25 16:00:00;45.49
2016-12-25 17:00:00;49
2016-12-25 18:00:00;59.58
2016-12-25 19:00:00;65.57
2016-12-25 20:00:00;68.6
2016-12-25 21:00:00;70.11
2016-12-25 22:00:00;69.98
2016-12-25 23:00:00;64.88
2016-12-26 00:00:00;58.23
2016-12-26 01:00:00;48.1
2016-12-26 02:00:00;45.44
2016-12-26 03:00:00;43.63
2016-12-26 04:00:00;42.84
2016-12-26 05:00:00;43.37
2016-12-26 06:00:00;45.44
2016-12-26 07:00:00;50.8
2016-12-26 08:00:00;59.07
2016-12-26 09:00:00;59.52
2016-12-26 10:00:00;59.58
2016-12-26 11:00:00;55.83
2016-12-26 12:00:00;51.63
2016-12-26 13:00:00;54
2016-12-26 14:00:00;52.16
2016-12-26 15:00:00;49.29
2016-12-26 16:00:00;49.37
2016-12-26 17:00:00;56.12
2016-12-26 18:00:00;62.94
2016-12-26 19:00:00;63.1
2016-12-26 20:00:00;64.88
2016-12-26 21:00:00;64.88
2016-12-26 22:00:00;60.8
2016-12-26 23:00:00;53
2016-12-27 00:00:00;49.97
2016-12-27 01:00:00;46.74
2016-12-27 02:00:00;44.82
2016-12-27 03:00:00;43.42
2016-12-27 04:00:00;43.56
2016-12-27 05:00:00;45.76
2016-12-27 06:00:00;52.87
2016-12-27 07:00:00;64.15
2016-12-27 08:00:00;67.9
2016-12-27 09:00:00;69.14
2016-12-27 10:00:00;69.67
2016-12-27 11:00:00;67.1
2016-12-27 12:00:00;66
2016-12-27 13:00:00;66.69
2016-12-27 14:00:00;65.2
2016-12-27 15:00:00;64.15
2016-12-27 16:00:00;64.15
2016-12-27 17:00:00;69.99
2016-12-27 18:00:00;72.89
2016-12-27 19:00:00;72.15
2016-12-27 20:00:00;72.1
2016-12-27 21:00:00;72.1
2016-12-27 22:00:00;69.99
2016-12-27 23:00:00;65.75
2016-12-28 00:00:00;56
2016-12-28 01:00:00;47.73
2016-12-28 02:00:00;45.42
2016-12-28 03:00:00;43.63
2016-12-28 04:00:00;43.37
2016-12-28 05:00:00;43.45
2016-12-28 06:00:00;46
2016-12-28 07:00:00;55.38
2016-12-28 08:00:00;65.6
2016-12-28 09:00:00;66.21
2016-12-28 10:00:00;66.19
2016-12-28 11:00:00;64.1
2016-12-28 12:00:00;62
2016-12-28 13:00:00;62.29
2016-12-28 14:00:00;60.15
2016-12-28 15:00:00;59.58
2016-12-28 16:00:00;59.58
2016-12-28 17:00:00;64.88
2016-12-28 18:00:00;69.23
2016-12-28 19:00:00;69.73
2016-12-28 20:00:00;69.69
2016-12-28 21:00:00;69.23
2016-12-28 22:00:00;64.88
2016-12-28 23:00:00;59.28
2016-12-29 00:00:00;51
2016-12-29 01:00:00;45.98
2016-12-29 02:00:00;43.75
2016-12-29 03:00:00;41
2016-12-29 04:00:00;40.99
2016-12-29 05:00:00;43.42
2016-12-29 06:00:00;47.3
2016-12-29 07:00:00;55.28
2016-12-29 08:00:00;62.4
2016-12-29 09:00:00;64.1
2016-12-29 10:00:00;65.19
2016-12-29 11:00:00;62.29
2016-12-29 12:00:00;61.78
2016-12-29 13:00:00;62.78
2016-12-29 14:00:00;61.28
2016-12-29 15:00:00;60.15
2016-12-29 16:00:00;60.23
2016-12-29 17:00:00;64.1
2016-12-29 18:00:00;69.69
2016-12-29 19:00:00;70.1
2016-12-29 20:00:00;70.1
2016-12-29 21:00:00;69.99
2016-12-29 22:00:00;66.21
2016-12-29 23:00:00;63.28
2016-12-30 00:00:00;63.94
2016-12-30 01:00:00;51.56
2016-12-30 02:00:00;49.73
2016-12-30 03:00:00;47.1
2016-12-30 04:00:00;46.25
2016-12-30 05:00:00;48.06
2016-12-30 06:00:00;53.34
2016-12-30 07:00:00;65.69
2016-12-30 08:00:00;67.7
2016-12-30 09:00:00;67.25
2016-12-30 10:00:00;67.1
2016-12-30 11:00:00;65.69
2016-12-30 12:00:00;64.88
2016-12-30 13:00:00;65.19
2016-12-30 14:00:00;64.1
2016-12-30 15:00:00;62.25
2016-12-30 16:00:00;63.62
2016-12-30 17:00:00;67.4
2016-12-30 18:00:00;72.43
2016-12-30 19:00:00;72.04
2016-12-30 20:00:00;70.6
2016-12-30 21:00:00;70.04
2016-12-30 22:00:00;69.09
2016-12-30 23:00:00;67.16
2016-12-31 00:00:00;63.6
2016-12-31 01:00:00;54.29
2016-12-31 02:00:00;50
2016-12-31 03:00:00;46.71
2016-12-31 04:00:00;46.22
2016-12-31 05:00:00;46.22
2016-12-31 06:00:00;48.17
2016-12-31 07:00:00;50.2
2016-12-31 08:00:00;56.69
2016-12-31 09:00:00;60.29
2016-12-31 10:00:00;64.88
2016-12-31 11:00:00;61.1
2016-12-31 12:00:00;59.52
2016-12-31 13:00:00;60.15
2016-12-31 14:00:00;59.7
2016-12-31 15:00:00;57.62
2016-12-31 16:00:00;57.5
2016-12-31 17:00:00;62.47
2016-12-31 18:00:00;70.69
2016-12-31 19:00:00;71.02
2016-12-31 20:00:00;70.26
2016-12-31 21:00:00;69.99
2016-12-31 22:00:00;65.69
2016-12-31 23:00:00;61.77
